#
# There is insufficient memory for the Java Runtime Environment to continue.
# Native memory allocation (malloc) failed to allocate 2104176 bytes. Error detail: Chunk::new
# Possible reasons:
#   The system is out of physical RAM or swap space
#   This process is running with CompressedOops enabled, and the Java Heap may be blocking the growth of the native heap
# Possible solutions:
#   Reduce memory load on the system
#   Increase physical memory or swap space
#   Check if swap backing store is full
#   Decrease Java heap size (-Xmx/-Xms)
#   Decrease number of Java threads
#   Decrease Java thread stack sizes (-Xss)
#   Set larger code cache with -XX:ReservedCodeCacheSize=
#   JVM is running with Zero Based Compressed Oops mode in which the Java heap is
#     placed in the first 32GB address space. The Java Heap base address is the
#     maximum limit for the native heap growth. Please use -XX:HeapBaseMinAddress
#     to set the Java Heap base and to place the Java Heap above 32GB virtual address.
# This output file may be truncated or incomplete.
#
#  Out of Memory Error (arena.cpp:191), pid=37348, tid=19484
#
# JRE version: OpenJDK Runtime Environment Temurin-17.0.18+8 (17.0.18+8) (build 17.0.18+8)
# Java VM: OpenJDK 64-Bit Server VM Temurin-17.0.18+8 (17.0.18+8, mixed mode, sharing, tiered, compressed oops, compressed class ptrs, g1 gc, windows-amd64)
# No core dump will be written. Minidumps are not enabled by default on client versions of Windows
#

---------------  S U M M A R Y ------------

Command Line: --add-opens=java.base/java.lang=ALL-UNNAMED --add-opens=java.base/java.lang.invoke=ALL-UNNAMED --add-opens=java.base/java.util=ALL-UNNAMED --add-opens=java.prefs/java.util.prefs=ALL-UNNAMED --add-exports=jdk.compiler/com.sun.tools.javac.api=ALL-UNNAMED --add-exports=jdk.compiler/com.sun.tools.javac.util=ALL-UNNAMED --add-opens=java.base/java.util=ALL-UNNAMED --add-opens=java.prefs/java.util.prefs=ALL-UNNAMED --add-opens=java.base/java.nio.charset=ALL-UNNAMED --add-opens=java.base/java.net=ALL-UNNAMED --add-opens=java.base/java.util.concurrent=ALL-UNNAMED --add-opens=java.base/java.util.concurrent.atomic=ALL-UNNAMED --add-opens=java.xml/javax.xml.namespace=ALL-UNNAMED --add-opens=java.base/java.time=ALL-UNNAMED -XX:MaxMetaspaceSize=1024m -Xmx4096m -Dfile.encoding=UTF-8 -Duser.country=IN -Duser.language=en -Duser.variant -javaagent:C:\Users\bhara\.gradle\wrapper\dists\gradle-9.4.1-bin\arn2x92ynaizyzdaamcbpbhtj\gradle-9.4.1\lib\agents\gradle-instrumentation-agent-9.4.1.jar org.gradle.launcher.daemon.bootstrap.GradleDaemon 9.4.1

Host: 11th Gen Intel(R) Core(TM) i5-11260H @ 2.60GHz, 12 cores, 7G,  Windows 11 , 64 bit Build 26100 (10.0.26100.9549)
Time: Sun Oct  4 18:49:10 2026 India Standard Time elapsed time: 37.017696 seconds (0d 0h 0m 37s)

---------------  T H R E A D  ---------------

Current thread (0x000001c849a66070):  JavaThread "C2 CompilerThread0" daemon [_thread_in_native, id=19484, stack(0x0000000ec7100000,0x0000000ec7200000)]


Current CompileTask:
C2:37017 26096       4       com.sun.beans.TypeResolver::resolve (37 bytes)

Stack: [0x0000000ec7100000,0x0000000ec7200000]
Native frames: (J=compiled Java code, j=interpreted, Vv=VM code, C=native code)
V  [jvm.dll+0x6846f9]
V  [jvm.dll+0x839ea5]
V  [jvm.dll+0x83b91e]
V  [jvm.dll+0x83bfa3]
V  [jvm.dll+0x248eff]
V  [jvm.dll+0xad496]
V  [jvm.dll+0xadb3c]
V  [jvm.dll+0x368bcf]
V  [jvm.dll+0x333055]
V  [jvm.dll+0x3324ba]
V  [jvm.dll+0x219db9]
V  [jvm.dll+0x219200]
V  [jvm.dll+0x1a4920]
V  [jvm.dll+0x22989a]
V  [jvm.dll+0x227a4b]
V  [jvm.dll+0x7f0658]
V  [jvm.dll+0x7eaaec]
V  [jvm.dll+0x6835c7]
C  [ucrtbase.dll+0x2cd30]
C  [KERNEL32.DLL+0x2cdf7]
C  [ntdll.dll+0x7ee4c]


---------------  P R O C E S S  ---------------

Threads class SMR info:
_java_thread_list=0x000001c8806ead10, length=70, elements={
0x000001c824731bd0, 0x000001c846f993f0, 0x000001c846f99ec0, 0x000001c849a579b0,
0x000001c849a5c2a0, 0x000001c849a5eb80, 0x000001c849a65470, 0x000001c849a66070,
0x000001c849a66a30, 0x000001c849a7a7f0, 0x000001c849a79dd0, 0x000001c849a7c140,
0x000001c849a7a2e0, 0x000001c849a7bc30, 0x000001c849a7b210, 0x000001c849a7b720,
0x000001c849a798c0, 0x000001c849a7c650, 0x000001c849a7cb60, 0x000001c8053262f0,
0x000001c805326800, 0x000001c8053258d0, 0x000001c805328150, 0x000001c805327220,
0x000001c805327730, 0x000001c8053249a0, 0x000001c805325de0, 0x000001c805327c40,
0x000001c805324eb0, 0x000001c805328660, 0x000001c805328b70, 0x000001c8053253c0,
0x000001c80532be10, 0x000001c805329aa0, 0x000001c80532b3f0, 0x000001c805329fb0,
0x000001c805326d10, 0x000001c80532a9d0, 0x000001c80532c320, 0x000001c805329080,
0x000001c80532b900, 0x000001c849a793b0, 0x000001c8069c4a70, 0x000001c8069c7800,
0x000001c8069c4f80, 0x000001c8069c4050, 0x000001c8069c5eb0, 0x000001c8069c63c0,
0x000001c8069c6de0, 0x000001c8227e3740, 0x000001c8227e4160, 0x000001c82347ba80,
0x000001c8234782d0, 0x000001c82347b570, 0x000001c8234787e0, 0x000001c82347a640,
0x000001c823479200, 0x000001c823479710, 0x000001c82347a130, 0x000001c823479c20,
0x000001c82347b060, 0x000001c808e640f0, 0x000001c822f2c300, 0x000001c822f29f90,
0x000001c822f2a4a0, 0x000001c822f2b3d0, 0x000001c822f2a9b0, 0x000001c822f29060,
0x000001c80870ef90, 0x000001c808711810
}

Java Threads: ( => current thread )
  0x000001c824731bd0 JavaThread "main" [_thread_blocked, id=44176, stack(0x0000000ec6400000,0x0000000ec6500000)]
  0x000001c846f993f0 JavaThread "Reference Handler" daemon [_thread_blocked, id=44468, stack(0x0000000ec6b00000,0x0000000ec6c00000)]
  0x000001c846f99ec0 JavaThread "Finalizer" daemon [_thread_blocked, id=2900, stack(0x0000000ec6c00000,0x0000000ec6d00000)]
  0x000001c849a579b0 JavaThread "Signal Dispatcher" daemon [_thread_blocked, id=49988, stack(0x0000000ec6d00000,0x0000000ec6e00000)]
  0x000001c849a5c2a0 JavaThread "Attach Listener" daemon [_thread_blocked, id=42252, stack(0x0000000ec6e00000,0x0000000ec6f00000)]
  0x000001c849a5eb80 JavaThread "Service Thread" daemon [_thread_blocked, id=43904, stack(0x0000000ec6f00000,0x0000000ec7000000)]
  0x000001c849a65470 JavaThread "Monitor Deflation Thread" daemon [_thread_blocked, id=50064, stack(0x0000000ec7000000,0x0000000ec7100000)]
=>0x000001c849a66070 JavaThread "C2 CompilerThread0" daemon [_thread_in_native, id=19484, stack(0x0000000ec7100000,0x0000000ec7200000)]
  0x000001c849a66a30 JavaThread "C1 CompilerThread0" daemon [_thread_blocked, id=46236, stack(0x0000000ec7200000,0x0000000ec7300000)]
  0x000001c849a7a7f0 JavaThread "Sweeper thread" daemon [_thread_blocked, id=14600, stack(0x0000000ec7300000,0x0000000ec7400000)]
  0x000001c849a79dd0 JavaThread "Common-Cleaner" daemon [_thread_blocked, id=8816, stack(0x0000000ec7400000,0x0000000ec7500000)]
  0x000001c849a7c140 JavaThread "Notification Thread" daemon [_thread_blocked, id=36496, stack(0x0000000ec7500000,0x0000000ec7600000)]
  0x000001c849a7a2e0 JavaThread "Daemon health stats" [_thread_blocked, id=2468, stack(0x0000000ec7b00000,0x0000000ec7c00000)]
  0x000001c849a7bc30 JavaThread "Incoming local TCP Connector on port 62694" [_thread_in_native, id=8468, stack(0x0000000ec7c00000,0x0000000ec7d00000)]
  0x000001c849a7b210 JavaThread "Daemon periodic checks" [_thread_blocked, id=19016, stack(0x0000000ec7d00000,0x0000000ec7e00000)]
  0x000001c849a7b720 JavaThread "Daemon" [_thread_blocked, id=32084, stack(0x0000000ec7e00000,0x0000000ec7f00000)]
  0x000001c849a798c0 JavaThread "Handler for socket connection from /127.0.0.1:62694 to /127.0.0.1:62695" [_thread_in_native, id=44360, stack(0x0000000ec7f00000,0x0000000ec8000000)]
  0x000001c849a7c650 JavaThread "Cancel handler" [_thread_blocked, id=45444, stack(0x0000000ec8000000,0x0000000ec8100000)]
  0x000001c849a7cb60 JavaThread "Daemon worker" [_thread_in_native, id=48564, stack(0x0000000ec8100000,0x0000000ec8200000)]
  0x000001c8053262f0 JavaThread "Asynchronous log dispatcher for DefaultDaemonConnection: socket connection from /127.0.0.1:62694 to /127.0.0.1:62695" [_thread_blocked, id=21400, stack(0x0000000ec8200000,0x0000000ec8300000)]
  0x000001c805326800 JavaThread "Stdin handler" [_thread_blocked, id=34100, stack(0x0000000ec8300000,0x0000000ec8400000)]
  0x000001c8053258d0 JavaThread "Daemon client event forwarder" [_thread_blocked, id=46836, stack(0x0000000ec8400000,0x0000000ec8500000)]
  0x000001c805328150 JavaThread "Cache worker for journal cache (C:\Users\bhara\.gradle\caches\journal-1)" [_thread_blocked, id=49096, stack(0x0000000ec8a00000,0x0000000ec8b00000)]
  0x000001c805327220 JavaThread "File lock request listener" [_thread_in_native, id=9564, stack(0x0000000ec8b00000,0x0000000ec8c00000)]
  0x000001c805327730 JavaThread "Cache worker for file hash cache (C:\Users\bhara\.gradle\caches\9.4.1\fileHashes)" [_thread_blocked, id=43964, stack(0x0000000ec8c00000,0x0000000ec8d00000)]
  0x000001c8053249a0 JavaThread "Cache worker for file hash cache (D:\major project\project-final\MyApp\android\.gradle\9.4.1\fileHashes)" [_thread_blocked, id=48460, stack(0x0000000ec8f00000,0x0000000ec9000000)]
  0x000001c805325de0 JavaThread "Cache worker for Build Output Cleanup Cache (D:\major project\project-final\MyApp\android\.gradle\buildOutputCleanup)" [_thread_blocked, id=14092, stack(0x0000000ec9000000,0x0000000ec9100000)]
  0x000001c805327c40 JavaThread "File watcher server" daemon [_thread_in_native, id=44080, stack(0x0000000ec9100000,0x0000000ec9200000)]
  0x000001c805324eb0 JavaThread "File watcher consumer" daemon [_thread_blocked, id=7968, stack(0x0000000ec9200000,0x0000000ec9300000)]
  0x000001c805328660 JavaThread "jar transforms" [_thread_blocked, id=47744, stack(0x0000000ec9300000,0x0000000ec9400000)]
  0x000001c805328b70 JavaThread "jar transforms Thread 2" [_thread_blocked, id=424, stack(0x0000000ec9400000,0x0000000ec9500000)]
  0x000001c8053253c0 JavaThread "jar transforms Thread 3" [_thread_blocked, id=18992, stack(0x0000000ec9500000,0x0000000ec9600000)]
  0x000001c80532be10 JavaThread "Cache worker for file content cache (C:\Users\bhara\.gradle\caches\9.4.1\fileContent)" [_thread_blocked, id=17796, stack(0x0000000ec9600000,0x0000000ec9700000)]
  0x000001c805329aa0 JavaThread "Cache worker for checksums cache (D:\major project\project-final\MyApp\android\.gradle\9.4.1\checksums)" [_thread_blocked, id=45084, stack(0x0000000ec9700000,0x0000000ec9800000)]
  0x000001c80532b3f0 JavaThread "Cache worker for cache directory md-supplier (C:\Users\bhara\.gradle\caches\9.4.1\md-supplier)" [_thread_blocked, id=47684, stack(0x0000000ec9800000,0x0000000ec9900000)]
  0x000001c805329fb0 JavaThread "Cache worker for cache directory md-rule (C:\Users\bhara\.gradle\caches\9.4.1\md-rule)" [_thread_blocked, id=28224, stack(0x0000000ec9900000,0x0000000ec9a00000)]
  0x000001c805326d10 JavaThread "jar transforms Thread 4" [_thread_blocked, id=45176, stack(0x0000000ec9a00000,0x0000000ec9b00000)]
  0x000001c80532a9d0 JavaThread "jar transforms Thread 5" [_thread_blocked, id=29736, stack(0x0000000ec9b00000,0x0000000ec9c00000)]
  0x000001c80532c320 JavaThread "jar transforms Thread 6" [_thread_blocked, id=45820, stack(0x0000000ec9c00000,0x0000000ec9d00000)]
  0x000001c805329080 JavaThread "jar transforms Thread 7" [_thread_blocked, id=39956, stack(0x0000000ec9d00000,0x0000000ec9e00000)]
  0x000001c80532b900 JavaThread "jar transforms Thread 8" [_thread_blocked, id=18732, stack(0x0000000ec9e00000,0x0000000ec9f00000)]
  0x000001c849a793b0 JavaThread "jar transforms Thread 9" [_thread_blocked, id=45192, stack(0x0000000ec9f00000,0x0000000eca000000)]
  0x000001c8069c4a70 JavaThread "jar transforms Thread 10" [_thread_blocked, id=29916, stack(0x0000000eca000000,0x0000000eca100000)]
  0x000001c8069c7800 JavaThread "jar transforms Thread 11" [_thread_blocked, id=47412, stack(0x0000000eca100000,0x0000000eca200000)]
  0x000001c8069c4f80 JavaThread "jar transforms Thread 12" [_thread_blocked, id=5960, stack(0x0000000eca200000,0x0000000eca300000)]
  0x000001c8069c4050 JavaThread "Cache worker for Build Output Cleanup Cache (D:\major project\project-final\MyApp\node_modules\@react-native\gradle-plugin\.gradle\buildOutputCleanup)" [_thread_blocked, id=33900, stack(0x0000000eca400000,0x0000000eca500000)]
  0x000001c8069c5eb0 JavaThread "Build operations" [_thread_blocked, id=47312, stack(0x0000000eca500000,0x0000000eca600000)]
  0x000001c8069c63c0 JavaThread "Build operations Thread 2" [_thread_blocked, id=44404, stack(0x0000000eca600000,0x0000000eca700000)]
  0x000001c8069c6de0 JavaThread "Kotlin DSL Writer" [_thread_blocked, id=35952, stack(0x0000000eca700000,0x0000000eca800000)]
  0x000001c8227e3740 JavaThread "build event listener" [_thread_blocked, id=9472, stack(0x0000000ecb000000,0x0000000ecb100000)]
  0x000001c8227e4160 JavaThread "Memory manager" [_thread_blocked, id=27632, stack(0x0000000ecb100000,0x0000000ecb200000)]
  0x000001c82347ba80 JavaThread "ForkJoinPool.commonPool-worker-1" daemon [_thread_blocked, id=22132, stack(0x0000000ecb200000,0x0000000ecb300000)]
  0x000001c8234782d0 JavaThread "ForkJoinPool.commonPool-worker-2" daemon [_thread_blocked, id=40016, stack(0x0000000ecb300000,0x0000000ecb400000)]
  0x000001c82347b570 JavaThread "ForkJoinPool.commonPool-worker-3" daemon [_thread_blocked, id=18980, stack(0x0000000ecb400000,0x0000000ecb500000)]
  0x000001c8234787e0 JavaThread "ForkJoinPool.commonPool-worker-4" daemon [_thread_blocked, id=47680, stack(0x0000000ecb500000,0x0000000ecb600000)]
  0x000001c82347a640 JavaThread "ForkJoinPool.commonPool-worker-5" daemon [_thread_blocked, id=41752, stack(0x0000000ecb600000,0x0000000ecb700000)]
  0x000001c823479200 JavaThread "ForkJoinPool.commonPool-worker-6" daemon [_thread_blocked, id=49800, stack(0x0000000ecb700000,0x0000000ecb800000)]
  0x000001c823479710 JavaThread "ForkJoinPool.commonPool-worker-7" daemon [_thread_blocked, id=38056, stack(0x0000000ecb800000,0x0000000ecb900000)]
  0x000001c82347a130 JavaThread "ForkJoinPool.commonPool-worker-8" daemon [_thread_blocked, id=49648, stack(0x0000000ecb900000,0x0000000ecba00000)]
  0x000001c823479c20 JavaThread "ForkJoinPool.commonPool-worker-9" daemon [_thread_blocked, id=46208, stack(0x0000000ecba00000,0x0000000ecbb00000)]
  0x000001c82347b060 JavaThread "ForkJoinPool.commonPool-worker-10" daemon [_thread_blocked, id=47112, stack(0x0000000ecbb00000,0x0000000ecbc00000)]
  0x000001c808e640f0 JavaThread "ForkJoinPool.commonPool-worker-11" daemon [_thread_blocked, id=47036, stack(0x0000000ecbc00000,0x0000000ecbd00000)]
  0x000001c822f2c300 JavaThread "Exec process" daemon [_thread_blocked, id=33816, stack(0x0000000ecbd00000,0x0000000ecbe00000)]
  0x000001c822f29f90 JavaThread "Exec process Thread 2" daemon [_thread_blocked, id=38328, stack(0x0000000ecbe00000,0x0000000ecbf00000)]
  0x000001c822f2a4a0 JavaThread "Exec process Thread 3" daemon [_thread_blocked, id=46704, stack(0x0000000ecbf00000,0x0000000ecc000000)]
  0x000001c822f2b3d0 JavaThread "included builds" [_thread_blocked, id=49732, stack(0x0000000ecc000000,0x0000000ecc100000)]
  0x000001c822f2a9b0 JavaThread "Execution worker" [_thread_blocked, id=34700, stack(0x0000000ecc100000,0x0000000ecc200000)]
  0x000001c822f29060 JavaThread "Cache worker for execution history cache (D:\major project\project-final\MyApp\node_modules\@react-native\gradle-plugin\.gradle\9.4.1\executionHistory)" [_thread_blocked, id=16316, stack(0x0000000ecc200000,0x0000000ecc300000)]
  0x000001c80870ef90 JavaThread "build event listener" [_thread_blocked, id=44640, stack(0x0000000ecc500000,0x0000000ecc600000)]
  0x000001c808711810 JavaThread "Problems report writer" [_thread_blocked, id=44224, stack(0x0000000ecc600000,0x0000000ecc700000)]

Other Threads:
  0x000001c846f93400 VMThread "VM Thread" [stack: 0x0000000ec6a00000,0x0000000ec6b00000] [id=49124]
  0x000001c849c2ddd0 WatcherThread [stack: 0x0000000ec7600000,0x0000000ec7700000] [id=39432]
  0x000001c82479bd70 GCTaskThread "GC Thread#0" [stack: 0x0000000ec6500000,0x0000000ec6600000] [id=44712]
  0x000001c849e4eb70 GCTaskThread "GC Thread#1" [stack: 0x0000000ec7700000,0x0000000ec7800000] [id=18352]
  0x000001c849d872d0 GCTaskThread "GC Thread#2" [stack: 0x0000000ec7800000,0x0000000ec7900000] [id=46516]
  0x000001c87f56a930 GCTaskThread "GC Thread#3" [stack: 0x0000000ec7900000,0x0000000ec7a00000] [id=27536]
  0x000001c8041b7f30 GCTaskThread "GC Thread#4" [stack: 0x0000000ec7a00000,0x0000000ec7b00000] [id=10732]
  0x000001c80554c740 GCTaskThread "GC Thread#5" [stack: 0x0000000ec8500000,0x0000000ec8600000] [id=49432]
  0x000001c80555df40 GCTaskThread "GC Thread#6" [stack: 0x0000000ec8600000,0x0000000ec8700000] [id=45608]
  0x000001c80555f4f0 GCTaskThread "GC Thread#7" [stack: 0x0000000ec8700000,0x0000000ec8800000] [id=45748]
  0x000001c80555ffc0 GCTaskThread "GC Thread#8" [stack: 0x0000000ec8800000,0x0000000ec8900000] [id=18708]
  0x000001c805560280 GCTaskThread "GC Thread#9" [stack: 0x0000000ec8900000,0x0000000ec8a00000] [id=44668]
  0x000001c846de27b0 ConcurrentGCThread "G1 Main Marker" [stack: 0x0000000ec6600000,0x0000000ec6700000] [id=35284]
  0x000001c846de33f0 ConcurrentGCThread "G1 Conc#0" [stack: 0x0000000ec6700000,0x0000000ec6800000] [id=48904]
  0x000001c80561b900 ConcurrentGCThread "G1 Conc#1" [stack: 0x0000000ec8d00000,0x0000000ec8e00000] [id=1808]
  0x000001c80561c140 ConcurrentGCThread "G1 Conc#2" [stack: 0x0000000ec8e00000,0x0000000ec8f00000] [id=8332]
  0x000001c846e509a0 ConcurrentGCThread "G1 Refine#0" [stack: 0x0000000ec6800000,0x0000000ec6900000] [id=11340]
  0x000001c8076a0930 ConcurrentGCThread "G1 Refine#1" [stack: 0x0000000eca300000,0x0000000eca400000] [id=42152]
  0x000001c8080400c0 ConcurrentGCThread "G1 Refine#2" [stack: 0x0000000eca800000,0x0000000eca900000] [id=49576]
  0x000001c808041b30 ConcurrentGCThread "G1 Refine#3" [stack: 0x0000000eca900000,0x0000000ecaa00000] [id=30164]
  0x000001c80803e070 ConcurrentGCThread "G1 Refine#4" [stack: 0x0000000ecaa00000,0x0000000ecab00000] [id=49332]
  0x000001c80803e940 ConcurrentGCThread "G1 Refine#5" [stack: 0x0000000ecab00000,0x0000000ecac00000] [id=3088]
  0x000001c8080403b0 ConcurrentGCThread "G1 Refine#6" [stack: 0x0000000ecac00000,0x0000000ecad00000] [id=49980]
  0x000001c80803ec30 ConcurrentGCThread "G1 Refine#7" [stack: 0x0000000ecad00000,0x0000000ecae00000] [id=46948]
  0x000001c808040c80 ConcurrentGCThread "G1 Refine#8" [stack: 0x0000000ecae00000,0x0000000ecaf00000] [id=16664]
  0x000001c80803ef20 ConcurrentGCThread "G1 Refine#9" [stack: 0x0000000ecaf00000,0x0000000ecb000000] [id=47064]
  0x000001c846e51180 ConcurrentGCThread "G1 Service" [stack: 0x0000000ec6900000,0x0000000ec6a00000] [id=49020]

Threads with active compile tasks:
C2 CompilerThread0  37077 26096       4       com.sun.beans.TypeResolver::resolve (37 bytes)

VM state: not at safepoint (normal execution)

VM Mutex/Monitor currently owned by a thread: None

Heap address: 0x0000000700000000, size: 4096 MB, Compressed Oops mode: Zero based, Oop shift amount: 3

CDS archive(s) mapped at: [0x000001c84a000000-0x000001c84abb0000-0x000001c84abb0000), size 12255232, SharedBaseAddress: 0x000001c84a000000, ArchiveRelocationMode: 1.
Compressed class space mapped at: 0x000001c84b000000-0x000001c87f000000, reserved size: 872415232
Narrow klass base: 0x000001c84a000000, Narrow klass shift: 0, Narrow klass range: 0x100000000

GC Precious Log:
 CPUs: 12 total, 12 available
 Memory: 7914M
 Large Page Support: Disabled
 NUMA Support: Disabled
 Compressed Oops: Enabled (Zero based)
 Heap Region Size: 2M
 Heap Min Capacity: 8M
 Heap Initial Capacity: 124M
 Heap Max Capacity: 4G
 Pre-touch: Disabled
 Parallel Workers: 10
 Concurrent Workers: 3
 Concurrent Refinement Workers: 10
 Periodic GC: Disabled

Heap:
 garbage-first heap   total 1417216K, used 417203K [0x0000000700000000, 0x0000000800000000)
  region size 2048K, 76 young (155648K), 11 survivors (22528K)
 Metaspace       used 172196K, committed 173760K, reserved 1048576K
  class space    used 21907K, committed 22656K, reserved 851968K

Heap Regions: E=young(eden), S=young(survivor), O=old, HS=humongous(starts), HC=humongous(continues), CS=collection set, F=free, OA=open archive, CA=closed archive, TAMS=top-at-mark-start (previous, next)
|   0|0x0000000700000000, 0x0000000700200000, 0x0000000700200000|100%|HS|  |TAMS 0x0000000700200000, 0x0000000700000000| Complete 
|   1|0x0000000700200000, 0x0000000700400000, 0x0000000700400000|100%|HC|  |TAMS 0x0000000700400000, 0x0000000700200000| Complete 
|   2|0x0000000700400000, 0x0000000700600000, 0x0000000700600000|100%| O|  |TAMS 0x0000000700600000, 0x0000000700400000| Untracked 
|   3|0x0000000700600000, 0x0000000700800000, 0x0000000700800000|100%| O|  |TAMS 0x0000000700800000, 0x0000000700600000| Untracked 
|   4|0x0000000700800000, 0x0000000700a00000, 0x0000000700a00000|100%| O|  |TAMS 0x0000000700a00000, 0x0000000700800000| Untracked 
|   5|0x0000000700a00000, 0x0000000700c00000, 0x0000000700c00000|100%| O|  |TAMS 0x0000000700c00000, 0x0000000700a00000| Untracked 
|   6|0x0000000700c00000, 0x0000000700e00000, 0x0000000700e00000|100%| O|  |TAMS 0x0000000700e00000, 0x0000000700c00000| Untracked 
|   7|0x0000000700e00000, 0x0000000701000000, 0x0000000701000000|100%| O|  |TAMS 0x0000000701000000, 0x0000000700e00000| Untracked 
|   8|0x0000000701000000, 0x0000000701200000, 0x0000000701200000|100%| O|  |TAMS 0x0000000701200000, 0x0000000701000000| Untracked 
|   9|0x0000000701200000, 0x00000007013caa00, 0x0000000701400000| 89%| O|  |TAMS 0x00000007013caa00, 0x0000000701200000| Untracked 
|  10|0x0000000701400000, 0x0000000701600000, 0x0000000701600000|100%| O|  |TAMS 0x0000000701600000, 0x0000000701400000| Untracked 
|  11|0x0000000701600000, 0x0000000701800000, 0x0000000701800000|100%| O|  |TAMS 0x0000000701800000, 0x0000000701600000| Untracked 
|  12|0x0000000701800000, 0x0000000701a00000, 0x0000000701a00000|100%| O|  |TAMS 0x0000000701a00000, 0x0000000701800000| Untracked 
|  13|0x0000000701a00000, 0x0000000701c00000, 0x0000000701c00000|100%| O|  |TAMS 0x0000000701c00000, 0x0000000701a00000| Untracked 
|  14|0x0000000701c00000, 0x0000000701e00000, 0x0000000701e00000|100%| O|  |TAMS 0x0000000701e00000, 0x0000000701c00000| Untracked 
|  15|0x0000000701e00000, 0x0000000702000000, 0x0000000702000000|100%| O|  |TAMS 0x0000000702000000, 0x0000000701e00000| Untracked 
|  16|0x0000000702000000, 0x0000000702200000, 0x0000000702200000|100%| O|  |TAMS 0x0000000702200000, 0x0000000702000000| Untracked 
|  17|0x0000000702200000, 0x0000000702400000, 0x0000000702400000|100%| O|  |TAMS 0x0000000702400000, 0x0000000702200000| Untracked 
|  18|0x0000000702400000, 0x0000000702600000, 0x0000000702600000|100%| O|  |TAMS 0x0000000702600000, 0x0000000702400000| Untracked 
|  19|0x0000000702600000, 0x0000000702800000, 0x0000000702800000|100%| O|  |TAMS 0x0000000702800000, 0x0000000702600000| Untracked 
|  20|0x0000000702800000, 0x0000000702a00000, 0x0000000702a00000|100%| O|  |TAMS 0x0000000702a00000, 0x0000000702800000| Untracked 
|  21|0x0000000702a00000, 0x0000000702c00000, 0x0000000702c00000|100%| O|  |TAMS 0x0000000702c00000, 0x0000000702a00000| Untracked 
|  22|0x0000000702c00000, 0x0000000702e00000, 0x0000000702e00000|100%| O|  |TAMS 0x0000000702e00000, 0x0000000702c00000| Untracked 
|  23|0x0000000702e00000, 0x0000000703000000, 0x0000000703000000|100%| O|  |TAMS 0x0000000703000000, 0x0000000702e00000| Untracked 
|  24|0x0000000703000000, 0x0000000703200000, 0x0000000703200000|100%| O|  |TAMS 0x0000000703200000, 0x0000000703000000| Untracked 
|  25|0x0000000703200000, 0x0000000703400000, 0x0000000703400000|100%| O|  |TAMS 0x0000000703400000, 0x0000000703200000| Untracked 
|  26|0x0000000703400000, 0x0000000703600000, 0x0000000703600000|100%| O|  |TAMS 0x0000000703600000, 0x0000000703400000| Untracked 
|  27|0x0000000703600000, 0x0000000703800000, 0x0000000703800000|100%| O|  |TAMS 0x0000000703800000, 0x0000000703600000| Untracked 
|  28|0x0000000703800000, 0x0000000703a00000, 0x0000000703a00000|100%|HS|  |TAMS 0x0000000703a00000, 0x0000000703800000| Complete 
|  29|0x0000000703a00000, 0x0000000703c00000, 0x0000000703c00000|100%| O|  |TAMS 0x0000000703c00000, 0x0000000703a00000| Untracked 
|  30|0x0000000703c00000, 0x0000000703e00000, 0x0000000703e00000|100%| O|  |TAMS 0x0000000703e00000, 0x0000000703c00000| Untracked 
|  31|0x0000000703e00000, 0x0000000704000000, 0x0000000704000000|100%| O|  |TAMS 0x0000000704000000, 0x0000000703e00000| Untracked 
|  32|0x0000000704000000, 0x0000000704200000, 0x0000000704200000|100%| O|  |TAMS 0x0000000704200000, 0x0000000704000000| Untracked 
|  33|0x0000000704200000, 0x0000000704400000, 0x0000000704400000|100%|HS|  |TAMS 0x0000000704400000, 0x0000000704200000| Complete 
|  34|0x0000000704400000, 0x0000000704600000, 0x0000000704600000|100%|HS|  |TAMS 0x0000000704400000, 0x0000000704400000| Complete 
|  35|0x0000000704600000, 0x0000000704800000, 0x0000000704800000|100%|HS|  |TAMS 0x0000000704600000, 0x0000000704600000| Complete 
|  36|0x0000000704800000, 0x0000000704800000, 0x0000000704a00000|  0%| F|  |TAMS 0x0000000704800000, 0x0000000704800000| Untracked 
|  37|0x0000000704a00000, 0x0000000704c00000, 0x0000000704c00000|100%| O|  |TAMS 0x0000000704c00000, 0x0000000704a00000| Untracked 
|  38|0x0000000704c00000, 0x0000000704c00000, 0x0000000704e00000|  0%| F|  |TAMS 0x0000000704c00000, 0x0000000704c00000| Untracked 
|  39|0x0000000704e00000, 0x0000000705000000, 0x0000000705000000|100%| O|  |TAMS 0x0000000705000000, 0x0000000704e00000| Untracked 
|  40|0x0000000705000000, 0x0000000705200000, 0x0000000705200000|100%| O|  |TAMS 0x0000000705200000, 0x0000000705000000| Untracked 
|  41|0x0000000705200000, 0x0000000705400000, 0x0000000705400000|100%| O|  |TAMS 0x0000000705200000, 0x0000000705200000| Untracked 
|  42|0x0000000705400000, 0x0000000705600000, 0x0000000705600000|100%| O|  |TAMS 0x0000000705400000, 0x0000000705400000| Untracked 
|  43|0x0000000705600000, 0x0000000705600000, 0x0000000705800000|  0%| F|  |TAMS 0x0000000705600000, 0x0000000705600000| Untracked 
|  44|0x0000000705800000, 0x0000000705800000, 0x0000000705a00000|  0%| F|  |TAMS 0x0000000705800000, 0x0000000705800000| Untracked 
|  45|0x0000000705a00000, 0x0000000705a00000, 0x0000000705c00000|  0%| F|  |TAMS 0x0000000705a00000, 0x0000000705a00000| Untracked 
|  46|0x0000000705c00000, 0x0000000705c00000, 0x0000000705e00000|  0%| F|  |TAMS 0x0000000705c00000, 0x0000000705c00000| Untracked 
|  47|0x0000000705e00000, 0x0000000705e00000, 0x0000000706000000|  0%| F|  |TAMS 0x0000000705e00000, 0x0000000705e00000| Untracked 
|  48|0x0000000706000000, 0x0000000706000000, 0x0000000706200000|  0%| F|  |TAMS 0x0000000706000000, 0x0000000706000000| Untracked 
|  49|0x0000000706200000, 0x0000000706400000, 0x0000000706400000|100%| O|  |TAMS 0x0000000706400000, 0x0000000706200000| Untracked 
|  50|0x0000000706400000, 0x0000000706600000, 0x0000000706600000|100%| O|  |TAMS 0x0000000706600000, 0x0000000706400000| Untracked 
|  51|0x0000000706600000, 0x0000000706600000, 0x0000000706800000|  0%| F|  |TAMS 0x0000000706600000, 0x0000000706600000| Untracked 
|  52|0x0000000706800000, 0x0000000706a00000, 0x0000000706a00000|100%| O|  |TAMS 0x0000000706a00000, 0x0000000706800000| Untracked 
|  53|0x0000000706a00000, 0x0000000706c00000, 0x0000000706c00000|100%| O|  |TAMS 0x0000000706c00000, 0x0000000706a00000| Untracked 
|  54|0x0000000706c00000, 0x0000000706e00000, 0x0000000706e00000|100%| O|  |TAMS 0x0000000706e00000, 0x0000000706c00000| Untracked 
|  55|0x0000000706e00000, 0x0000000707000000, 0x0000000707000000|100%| O|  |TAMS 0x0000000706e00000, 0x0000000706e00000| Untracked 
|  56|0x0000000707000000, 0x0000000707000000, 0x0000000707200000|  0%| F|  |TAMS 0x0000000707000000, 0x0000000707000000| Untracked 
|  57|0x0000000707200000, 0x0000000707200000, 0x0000000707400000|  0%| F|  |TAMS 0x0000000707200000, 0x0000000707200000| Untracked 
|  58|0x0000000707400000, 0x0000000707600000, 0x0000000707600000|100%| O|  |TAMS 0x0000000707400000, 0x0000000707400000| Untracked 
|  59|0x0000000707600000, 0x0000000707800000, 0x0000000707800000|100%| O|  |TAMS 0x0000000707800000, 0x0000000707600000| Untracked 
|  60|0x0000000707800000, 0x0000000707a00000, 0x0000000707a00000|100%| O|  |TAMS 0x0000000707a00000, 0x0000000707800000| Untracked 
|  61|0x0000000707a00000, 0x0000000707a00000, 0x0000000707c00000|  0%| F|  |TAMS 0x0000000707a00000, 0x0000000707a00000| Untracked 
|  62|0x0000000707c00000, 0x0000000707e00000, 0x0000000707e00000|100%| O|  |TAMS 0x0000000707c00000, 0x0000000707c00000| Untracked 
|  63|0x0000000707e00000, 0x0000000708000000, 0x0000000708000000|100%| O|  |TAMS 0x0000000708000000, 0x0000000707e00000| Untracked 
|  64|0x0000000708000000, 0x0000000708200000, 0x0000000708200000|100%| O|  |TAMS 0x0000000708000000, 0x0000000708000000| Untracked 
|  65|0x0000000708200000, 0x0000000708400000, 0x0000000708400000|100%| O|  |TAMS 0x0000000708400000, 0x0000000708200000| Untracked 
|  66|0x0000000708400000, 0x00000007085ffff8, 0x0000000708600000| 99%| O|  |TAMS 0x00000007085ffff8, 0x0000000708400000| Untracked 
|  67|0x0000000708600000, 0x0000000708800000, 0x0000000708800000|100%| O|  |TAMS 0x0000000708800000, 0x0000000708600000| Untracked 
|  68|0x0000000708800000, 0x0000000708a00000, 0x0000000708a00000|100%| O|  |TAMS 0x0000000708a00000, 0x0000000708800000| Untracked 
|  69|0x0000000708a00000, 0x0000000708c00000, 0x0000000708c00000|100%| O|  |TAMS 0x0000000708c00000, 0x0000000708a00000| Untracked 
|  70|0x0000000708c00000, 0x0000000708e00000, 0x0000000708e00000|100%| O|  |TAMS 0x0000000708e00000, 0x0000000708c00000| Untracked 
|  71|0x0000000708e00000, 0x0000000709000000, 0x0000000709000000|100%| O|  |TAMS 0x0000000709000000, 0x0000000708e00000| Untracked 
|  72|0x0000000709000000, 0x0000000709200000, 0x0000000709200000|100%| O|  |TAMS 0x0000000709000000, 0x0000000709000000| Untracked 
|  73|0x0000000709200000, 0x0000000709400000, 0x0000000709400000|100%| O|  |TAMS 0x0000000709200000, 0x0000000709200000| Untracked 
|  74|0x0000000709400000, 0x0000000709600000, 0x0000000709600000|100%| O|  |TAMS 0x0000000709600000, 0x0000000709400000| Untracked 
|  75|0x0000000709600000, 0x0000000709800000, 0x0000000709800000|100%| O|  |TAMS 0x0000000709800000, 0x0000000709600000| Untracked 
|  76|0x0000000709800000, 0x0000000709800000, 0x0000000709a00000|  0%| F|  |TAMS 0x0000000709800000, 0x0000000709800000| Untracked 
|  77|0x0000000709a00000, 0x0000000709a00000, 0x0000000709c00000|  0%| F|  |TAMS 0x0000000709a00000, 0x0000000709a00000| Untracked 
|  78|0x0000000709c00000, 0x0000000709c00000, 0x0000000709e00000|  0%| F|  |TAMS 0x0000000709c00000, 0x0000000709c00000| Untracked 
|  79|0x0000000709e00000, 0x000000070a000000, 0x000000070a000000|100%| O|  |TAMS 0x0000000709e00000, 0x0000000709e00000| Untracked 
|  80|0x000000070a000000, 0x000000070a200000, 0x000000070a200000|100%| O|  |TAMS 0x000000070a000000, 0x000000070a000000| Untracked 
|  81|0x000000070a200000, 0x000000070a400000, 0x000000070a400000|100%| O|  |TAMS 0x000000070a200000, 0x000000070a200000| Untracked 
|  82|0x000000070a400000, 0x000000070a600000, 0x000000070a600000|100%| O|  |TAMS 0x000000070a600000, 0x000000070a400000| Untracked 
|  83|0x000000070a600000, 0x000000070a800000, 0x000000070a800000|100%| O|  |TAMS 0x000000070a800000, 0x000000070a600000| Untracked 
|  84|0x000000070a800000, 0x000000070aa00000, 0x000000070aa00000|100%| O|  |TAMS 0x000000070aa00000, 0x000000070a800000| Untracked 
|  85|0x000000070aa00000, 0x000000070ac00000, 0x000000070ac00000|100%| O|  |TAMS 0x000000070aa00000, 0x000000070aa00000| Untracked 
|  86|0x000000070ac00000, 0x000000070ae00000, 0x000000070ae00000|100%| O|  |TAMS 0x000000070ac00000, 0x000000070ac00000| Untracked 
|  87|0x000000070ae00000, 0x000000070b000000, 0x000000070b000000|100%| O|  |TAMS 0x000000070ae00000, 0x000000070ae00000| Untracked 
|  88|0x000000070b000000, 0x000000070b200000, 0x000000070b200000|100%| O|  |TAMS 0x000000070b000000, 0x000000070b000000| Untracked 
|  89|0x000000070b200000, 0x000000070b400000, 0x000000070b400000|100%| O|  |TAMS 0x000000070b400000, 0x000000070b200000| Untracked 
|  90|0x000000070b400000, 0x000000070b46c200, 0x000000070b600000| 21%| O|  |TAMS 0x000000070b400000, 0x000000070b400000| Untracked 
|  91|0x000000070b600000, 0x000000070b600000, 0x000000070b800000|  0%| F|  |TAMS 0x000000070b600000, 0x000000070b600000| Untracked 
|  92|0x000000070b800000, 0x000000070b800000, 0x000000070ba00000|  0%| F|  |TAMS 0x000000070b800000, 0x000000070b800000| Untracked 
|  93|0x000000070ba00000, 0x000000070ba00000, 0x000000070bc00000|  0%| F|  |TAMS 0x000000070ba00000, 0x000000070ba00000| Untracked 
|  94|0x000000070bc00000, 0x000000070bc00000, 0x000000070be00000|  0%| F|  |TAMS 0x000000070bc00000, 0x000000070bc00000| Untracked 
|  95|0x000000070be00000, 0x000000070be00000, 0x000000070c000000|  0%| F|  |TAMS 0x000000070be00000, 0x000000070be00000| Untracked 
|  96|0x000000070c000000, 0x000000070c000000, 0x000000070c200000|  0%| F|  |TAMS 0x000000070c000000, 0x000000070c000000| Untracked 
|  97|0x000000070c200000, 0x000000070c200000, 0x000000070c400000|  0%| F|  |TAMS 0x000000070c200000, 0x000000070c200000| Untracked 
|  98|0x000000070c400000, 0x000000070c400000, 0x000000070c600000|  0%| F|  |TAMS 0x000000070c400000, 0x000000070c400000| Untracked 
|  99|0x000000070c600000, 0x000000070c600000, 0x000000070c800000|  0%| F|  |TAMS 0x000000070c600000, 0x000000070c600000| Untracked 
| 100|0x000000070c800000, 0x000000070c800000, 0x000000070ca00000|  0%| F|  |TAMS 0x000000070c800000, 0x000000070c800000| Untracked 
| 101|0x000000070ca00000, 0x000000070cc00000, 0x000000070cc00000|100%| O|  |TAMS 0x000000070cc00000, 0x000000070ca00000| Untracked 
| 102|0x000000070cc00000, 0x000000070cc00000, 0x000000070ce00000|  0%| F|  |TAMS 0x000000070cc00000, 0x000000070cc00000| Untracked 
| 103|0x000000070ce00000, 0x000000070ce00000, 0x000000070d000000|  0%| F|  |TAMS 0x000000070ce00000, 0x000000070ce00000| Untracked 
| 104|0x000000070d000000, 0x000000070d000000, 0x000000070d200000|  0%| F|  |TAMS 0x000000070d000000, 0x000000070d000000| Untracked 
| 105|0x000000070d200000, 0x000000070d200000, 0x000000070d400000|  0%| F|  |TAMS 0x000000070d200000, 0x000000070d200000| Untracked 
| 106|0x000000070d400000, 0x000000070d400000, 0x000000070d600000|  0%| F|  |TAMS 0x000000070d400000, 0x000000070d400000| Untracked 
| 107|0x000000070d600000, 0x000000070d600000, 0x000000070d800000|  0%| F|  |TAMS 0x000000070d600000, 0x000000070d600000| Untracked 
| 108|0x000000070d800000, 0x000000070d800000, 0x000000070da00000|  0%| F|  |TAMS 0x000000070d800000, 0x000000070d800000| Untracked 
| 109|0x000000070da00000, 0x000000070da00000, 0x000000070dc00000|  0%| F|  |TAMS 0x000000070da00000, 0x000000070da00000| Untracked 
| 110|0x000000070dc00000, 0x000000070dc00000, 0x000000070de00000|  0%| F|  |TAMS 0x000000070dc00000, 0x000000070dc00000| Untracked 
| 111|0x000000070de00000, 0x000000070e000000, 0x000000070e000000|100%| O|  |TAMS 0x000000070e000000, 0x000000070de00000| Untracked 
| 112|0x000000070e000000, 0x000000070e200000, 0x000000070e200000|100%| O|  |TAMS 0x000000070e200000, 0x000000070e000000| Untracked 
| 113|0x000000070e200000, 0x000000070e400000, 0x000000070e400000|100%| O|  |TAMS 0x000000070e400000, 0x000000070e200000| Untracked 
| 114|0x000000070e400000, 0x000000070e600000, 0x000000070e600000|100%| O|  |TAMS 0x000000070e600000, 0x000000070e400000| Untracked 
| 115|0x000000070e600000, 0x000000070e800000, 0x000000070e800000|100%| O|  |TAMS 0x000000070e800000, 0x000000070e600000| Untracked 
| 116|0x000000070e800000, 0x000000070ea00000, 0x000000070ea00000|100%| O|  |TAMS 0x000000070ea00000, 0x000000070e800000| Untracked 
| 117|0x000000070ea00000, 0x000000070ec00000, 0x000000070ec00000|100%| O|  |TAMS 0x000000070ec00000, 0x000000070ea00000| Untracked 
| 118|0x000000070ec00000, 0x000000070ee00000, 0x000000070ee00000|100%| O|  |TAMS 0x000000070ee00000, 0x000000070ec00000| Untracked 
| 119|0x000000070ee00000, 0x000000070f000000, 0x000000070f000000|100%| O|  |TAMS 0x000000070f000000, 0x000000070ee00000| Untracked 
| 120|0x000000070f000000, 0x000000070f200000, 0x000000070f200000|100%| O|  |TAMS 0x000000070f200000, 0x000000070f000000| Untracked 
| 121|0x000000070f200000, 0x000000070f400000, 0x000000070f400000|100%| O|  |TAMS 0x000000070f400000, 0x000000070f200000| Untracked 
| 122|0x000000070f400000, 0x000000070f600000, 0x000000070f600000|100%| O|  |TAMS 0x000000070f600000, 0x000000070f400000| Untracked 
| 123|0x000000070f600000, 0x000000070f800000, 0x000000070f800000|100%| O|  |TAMS 0x000000070f800000, 0x000000070f600000| Untracked 
| 124|0x000000070f800000, 0x000000070fa00000, 0x000000070fa00000|100%| O|  |TAMS 0x000000070fa00000, 0x000000070f800000| Untracked 
| 125|0x000000070fa00000, 0x000000070fc00000, 0x000000070fc00000|100%| O|  |TAMS 0x000000070fc00000, 0x000000070fa00000| Untracked 
| 126|0x000000070fc00000, 0x000000070fe00000, 0x000000070fe00000|100%| O|  |TAMS 0x000000070fe00000, 0x000000070fc00000| Untracked 
| 127|0x000000070fe00000, 0x0000000710000000, 0x0000000710000000|100%| O|  |TAMS 0x0000000710000000, 0x000000070fe00000| Untracked 
| 128|0x0000000710000000, 0x0000000710200000, 0x0000000710200000|100%| O|  |TAMS 0x0000000710200000, 0x0000000710000000| Untracked 
| 129|0x0000000710200000, 0x0000000710400000, 0x0000000710400000|100%| O|  |TAMS 0x0000000710400000, 0x0000000710200000| Untracked 
| 130|0x0000000710400000, 0x0000000710600000, 0x0000000710600000|100%| O|  |TAMS 0x0000000710600000, 0x0000000710400000| Untracked 
| 131|0x0000000710600000, 0x0000000710800000, 0x0000000710800000|100%| O|  |TAMS 0x0000000710800000, 0x0000000710600000| Untracked 
| 132|0x0000000710800000, 0x0000000710a00000, 0x0000000710a00000|100%| O|  |TAMS 0x0000000710a00000, 0x0000000710800000| Untracked 
| 133|0x0000000710a00000, 0x0000000710c00000, 0x0000000710c00000|100%| O|  |TAMS 0x0000000710c00000, 0x0000000710a00000| Untracked 
| 134|0x0000000710c00000, 0x0000000710e00000, 0x0000000710e00000|100%| O|  |TAMS 0x0000000710e00000, 0x0000000710c00000| Untracked 
| 135|0x0000000710e00000, 0x0000000711000000, 0x0000000711000000|100%| O|  |TAMS 0x0000000711000000, 0x0000000710e00000| Untracked 
| 136|0x0000000711000000, 0x0000000711200000, 0x0000000711200000|100%| O|  |TAMS 0x0000000711200000, 0x0000000711000000| Untracked 
| 137|0x0000000711200000, 0x0000000711400000, 0x0000000711400000|100%| O|  |TAMS 0x0000000711400000, 0x0000000711200000| Untracked 
| 138|0x0000000711400000, 0x0000000711600000, 0x0000000711600000|100%| O|  |TAMS 0x0000000711600000, 0x0000000711400000| Untracked 
| 139|0x0000000711600000, 0x0000000711800000, 0x0000000711800000|100%| O|  |TAMS 0x0000000711800000, 0x0000000711600000| Untracked 
| 140|0x0000000711800000, 0x0000000711a00000, 0x0000000711a00000|100%| O|  |TAMS 0x0000000711a00000, 0x0000000711800000| Untracked 
| 141|0x0000000711a00000, 0x0000000711c00000, 0x0000000711c00000|100%| O|  |TAMS 0x0000000711c00000, 0x0000000711a00000| Untracked 
| 142|0x0000000711c00000, 0x0000000711e00000, 0x0000000711e00000|100%| O|  |TAMS 0x0000000711e00000, 0x0000000711c00000| Untracked 
| 143|0x0000000711e00000, 0x0000000712000000, 0x0000000712000000|100%| O|  |TAMS 0x0000000712000000, 0x0000000711e00000| Untracked 
| 144|0x0000000712000000, 0x0000000712200000, 0x0000000712200000|100%| O|  |TAMS 0x0000000712200000, 0x0000000712000000| Untracked 
| 145|0x0000000712200000, 0x0000000712400000, 0x0000000712400000|100%| O|  |TAMS 0x0000000712400000, 0x0000000712200000| Untracked 
| 146|0x0000000712400000, 0x0000000712600000, 0x0000000712600000|100%| O|  |TAMS 0x0000000712600000, 0x0000000712400000| Untracked 
| 147|0x0000000712600000, 0x0000000712800000, 0x0000000712800000|100%| O|  |TAMS 0x0000000712800000, 0x0000000712600000| Untracked 
| 148|0x0000000712800000, 0x0000000712a00000, 0x0000000712a00000|100%| O|  |TAMS 0x0000000712a00000, 0x0000000712800000| Untracked 
| 149|0x0000000712a00000, 0x0000000712c00000, 0x0000000712c00000|100%| O|  |TAMS 0x0000000712c00000, 0x0000000712a00000| Untracked 
| 150|0x0000000712c00000, 0x0000000712c00000, 0x0000000712e00000|  0%| F|  |TAMS 0x0000000712c00000, 0x0000000712c00000| Untracked 
| 151|0x0000000712e00000, 0x0000000713000000, 0x0000000713000000|100%| O|  |TAMS 0x0000000712ed7600, 0x0000000712e00000| Untracked 
| 152|0x0000000713000000, 0x0000000713200000, 0x0000000713200000|100%| O|  |TAMS 0x0000000713000000, 0x0000000713000000| Untracked 
| 153|0x0000000713200000, 0x0000000713400000, 0x0000000713400000|100%| O|  |TAMS 0x0000000713200000, 0x0000000713200000| Untracked 
| 154|0x0000000713400000, 0x0000000713600000, 0x0000000713600000|100%| O|  |TAMS 0x0000000713400000, 0x0000000713400000| Untracked 
| 155|0x0000000713600000, 0x0000000713800000, 0x0000000713800000|100%| O|  |TAMS 0x0000000713600000, 0x0000000713600000| Untracked 
| 156|0x0000000713800000, 0x0000000713a00000, 0x0000000713a00000|100%| O|  |TAMS 0x0000000713800000, 0x0000000713800000| Untracked 
| 157|0x0000000713a00000, 0x0000000713c00000, 0x0000000713c00000|100%| O|  |TAMS 0x0000000713a00000, 0x0000000713a00000| Untracked 
| 158|0x0000000713c00000, 0x0000000713e00000, 0x0000000713e00000|100%| O|  |TAMS 0x0000000713c00000, 0x0000000713c00000| Untracked 
| 159|0x0000000713e00000, 0x0000000714000000, 0x0000000714000000|100%| O|  |TAMS 0x0000000713e00000, 0x0000000713e00000| Untracked 
| 160|0x0000000714000000, 0x0000000714200000, 0x0000000714200000|100%| O|  |TAMS 0x0000000714000000, 0x0000000714000000| Untracked 
| 161|0x0000000714200000, 0x0000000714400000, 0x0000000714400000|100%| O|  |TAMS 0x0000000714200000, 0x0000000714200000| Untracked 
| 162|0x0000000714400000, 0x0000000714600000, 0x0000000714600000|100%| O|  |TAMS 0x0000000714400000, 0x0000000714400000| Untracked 
| 163|0x0000000714600000, 0x0000000714800000, 0x0000000714800000|100%| O|  |TAMS 0x0000000714600000, 0x0000000714600000| Untracked 
| 164|0x0000000714800000, 0x0000000714a00000, 0x0000000714a00000|100%| O|  |TAMS 0x0000000714800000, 0x0000000714800000| Untracked 
| 165|0x0000000714a00000, 0x0000000714a00000, 0x0000000714c00000|  0%| F|  |TAMS 0x0000000714a00000, 0x0000000714a00000| Untracked 
| 166|0x0000000714c00000, 0x0000000714c00000, 0x0000000714e00000|  0%| F|  |TAMS 0x0000000714c00000, 0x0000000714c00000| Untracked 
| 167|0x0000000714e00000, 0x0000000714e00000, 0x0000000715000000|  0%| F|  |TAMS 0x0000000714e00000, 0x0000000714e00000| Untracked 
| 168|0x0000000715000000, 0x0000000715000000, 0x0000000715200000|  0%| F|  |TAMS 0x0000000715000000, 0x0000000715000000| Untracked 
| 169|0x0000000715200000, 0x0000000715200000, 0x0000000715400000|  0%| F|  |TAMS 0x0000000715200000, 0x0000000715200000| Untracked 
| 170|0x0000000715400000, 0x0000000715400000, 0x0000000715600000|  0%| F|  |TAMS 0x0000000715400000, 0x0000000715400000| Untracked 
| 171|0x0000000715600000, 0x0000000715600000, 0x0000000715800000|  0%| F|  |TAMS 0x0000000715600000, 0x0000000715600000| Untracked 
| 172|0x0000000715800000, 0x0000000715800000, 0x0000000715a00000|  0%| F|  |TAMS 0x0000000715800000, 0x0000000715800000| Untracked 
| 173|0x0000000715a00000, 0x0000000715a00000, 0x0000000715c00000|  0%| F|  |TAMS 0x0000000715a00000, 0x0000000715a00000| Untracked 
| 174|0x0000000715c00000, 0x0000000715c00000, 0x0000000715e00000|  0%| F|  |TAMS 0x0000000715c00000, 0x0000000715c00000| Untracked 
| 175|0x0000000715e00000, 0x0000000715e00000, 0x0000000716000000|  0%| F|  |TAMS 0x0000000715e00000, 0x0000000715e00000| Untracked 
| 176|0x0000000716000000, 0x0000000716000000, 0x0000000716200000|  0%| F|  |TAMS 0x0000000716000000, 0x0000000716000000| Untracked 
| 177|0x0000000716200000, 0x0000000716200000, 0x0000000716400000|  0%| F|  |TAMS 0x0000000716200000, 0x0000000716200000| Untracked 
| 178|0x0000000716400000, 0x0000000716400000, 0x0000000716600000|  0%| F|  |TAMS 0x0000000716400000, 0x0000000716400000| Untracked 
| 179|0x0000000716600000, 0x0000000716600000, 0x0000000716800000|  0%| F|  |TAMS 0x0000000716600000, 0x0000000716600000| Untracked 
| 180|0x0000000716800000, 0x0000000716800000, 0x0000000716a00000|  0%| F|  |TAMS 0x0000000716800000, 0x0000000716800000| Untracked 
| 181|0x0000000716a00000, 0x0000000716a00000, 0x0000000716c00000|  0%| F|  |TAMS 0x0000000716a00000, 0x0000000716a00000| Untracked 
| 182|0x0000000716c00000, 0x0000000716c00000, 0x0000000716e00000|  0%| F|  |TAMS 0x0000000716c00000, 0x0000000716c00000| Untracked 
| 183|0x0000000716e00000, 0x0000000716e00000, 0x0000000717000000|  0%| F|  |TAMS 0x0000000716e00000, 0x0000000716e00000| Untracked 
| 184|0x0000000717000000, 0x0000000717000000, 0x0000000717200000|  0%| F|  |TAMS 0x0000000717000000, 0x0000000717000000| Untracked 
| 185|0x0000000717200000, 0x0000000717200000, 0x0000000717400000|  0%| F|  |TAMS 0x0000000717200000, 0x0000000717200000| Untracked 
| 186|0x0000000717400000, 0x0000000717400000, 0x0000000717600000|  0%| F|  |TAMS 0x0000000717400000, 0x0000000717400000| Untracked 
| 187|0x0000000717600000, 0x0000000717600000, 0x0000000717800000|  0%| F|  |TAMS 0x0000000717600000, 0x0000000717600000| Untracked 
| 188|0x0000000717800000, 0x0000000717800000, 0x0000000717a00000|  0%| F|  |TAMS 0x0000000717800000, 0x0000000717800000| Untracked 
| 189|0x0000000717a00000, 0x0000000717a00000, 0x0000000717c00000|  0%| F|  |TAMS 0x0000000717a00000, 0x0000000717a00000| Untracked 
| 190|0x0000000717c00000, 0x0000000717c00000, 0x0000000717e00000|  0%| F|  |TAMS 0x0000000717c00000, 0x0000000717c00000| Untracked 
| 191|0x0000000717e00000, 0x0000000717e00000, 0x0000000718000000|  0%| F|  |TAMS 0x0000000717e00000, 0x0000000717e00000| Untracked 
| 192|0x0000000718000000, 0x0000000718000000, 0x0000000718200000|  0%| F|  |TAMS 0x0000000718000000, 0x0000000718000000| Untracked 
| 193|0x0000000718200000, 0x0000000718200000, 0x0000000718400000|  0%| F|  |TAMS 0x0000000718200000, 0x0000000718200000| Untracked 
| 194|0x0000000718400000, 0x0000000718400000, 0x0000000718600000|  0%| F|  |TAMS 0x0000000718400000, 0x0000000718400000| Untracked 
| 195|0x0000000718600000, 0x0000000718600000, 0x0000000718800000|  0%| F|  |TAMS 0x0000000718600000, 0x0000000718600000| Untracked 
| 196|0x0000000718800000, 0x0000000718800000, 0x0000000718a00000|  0%| F|  |TAMS 0x0000000718800000, 0x0000000718800000| Untracked 
| 197|0x0000000718a00000, 0x0000000718a00000, 0x0000000718c00000|  0%| F|  |TAMS 0x0000000718a00000, 0x0000000718a00000| Untracked 
| 198|0x0000000718c00000, 0x0000000718c00000, 0x0000000718e00000|  0%| F|  |TAMS 0x0000000718c00000, 0x0000000718c00000| Untracked 
| 199|0x0000000718e00000, 0x0000000718e00000, 0x0000000719000000|  0%| F|  |TAMS 0x0000000718e00000, 0x0000000718e00000| Untracked 
| 200|0x0000000719000000, 0x0000000719000000, 0x0000000719200000|  0%| F|  |TAMS 0x0000000719000000, 0x0000000719000000| Untracked 
| 201|0x0000000719200000, 0x0000000719200000, 0x0000000719400000|  0%| F|  |TAMS 0x0000000719200000, 0x0000000719200000| Untracked 
| 202|0x0000000719400000, 0x0000000719400000, 0x0000000719600000|  0%| F|  |TAMS 0x0000000719400000, 0x0000000719400000| Untracked 
| 203|0x0000000719600000, 0x0000000719600000, 0x0000000719800000|  0%| F|  |TAMS 0x0000000719600000, 0x0000000719600000| Untracked 
| 204|0x0000000719800000, 0x0000000719800000, 0x0000000719a00000|  0%| F|  |TAMS 0x0000000719800000, 0x0000000719800000| Untracked 
| 205|0x0000000719a00000, 0x0000000719a00000, 0x0000000719c00000|  0%| F|  |TAMS 0x0000000719a00000, 0x0000000719a00000| Untracked 
| 206|0x0000000719c00000, 0x0000000719c00000, 0x0000000719e00000|  0%| F|  |TAMS 0x0000000719c00000, 0x0000000719c00000| Untracked 
| 207|0x0000000719e00000, 0x0000000719f36140, 0x000000071a000000| 60%| S|CS|TAMS 0x0000000719e00000, 0x0000000719e00000| Complete 
| 208|0x000000071a000000, 0x000000071a200000, 0x000000071a200000|100%| S|CS|TAMS 0x000000071a000000, 0x000000071a000000| Complete 
| 209|0x000000071a200000, 0x000000071a400000, 0x000000071a400000|100%| S|CS|TAMS 0x000000071a200000, 0x000000071a200000| Complete 
| 210|0x000000071a400000, 0x000000071a600000, 0x000000071a600000|100%| S|CS|TAMS 0x000000071a400000, 0x000000071a400000| Complete 
| 211|0x000000071a600000, 0x000000071a800000, 0x000000071a800000|100%| S|CS|TAMS 0x000000071a600000, 0x000000071a600000| Complete 
| 212|0x000000071a800000, 0x000000071aa00000, 0x000000071aa00000|100%| S|CS|TAMS 0x000000071a800000, 0x000000071a800000| Complete 
| 213|0x000000071aa00000, 0x000000071ac00000, 0x000000071ac00000|100%| S|CS|TAMS 0x000000071aa00000, 0x000000071aa00000| Complete 
| 214|0x000000071ac00000, 0x000000071ae00000, 0x000000071ae00000|100%| S|CS|TAMS 0x000000071ac00000, 0x000000071ac00000| Complete 
| 215|0x000000071ae00000, 0x000000071b000000, 0x000000071b000000|100%| S|CS|TAMS 0x000000071ae00000, 0x000000071ae00000| Complete 
| 216|0x000000071b000000, 0x000000071b200000, 0x000000071b200000|100%| S|CS|TAMS 0x000000071b000000, 0x000000071b000000| Complete 
| 217|0x000000071b200000, 0x000000071b400000, 0x000000071b400000|100%| S|CS|TAMS 0x000000071b200000, 0x000000071b200000| Complete 
| 218|0x000000071b400000, 0x000000071b400000, 0x000000071b600000|  0%| F|  |TAMS 0x000000071b400000, 0x000000071b400000| Untracked 
| 219|0x000000071b600000, 0x000000071b600000, 0x000000071b800000|  0%| F|  |TAMS 0x000000071b600000, 0x000000071b600000| Untracked 
| 220|0x000000071b800000, 0x000000071b800000, 0x000000071ba00000|  0%| F|  |TAMS 0x000000071b800000, 0x000000071b800000| Untracked 
| 221|0x000000071ba00000, 0x000000071ba00000, 0x000000071bc00000|  0%| F|  |TAMS 0x000000071ba00000, 0x000000071ba00000| Untracked 
| 222|0x000000071bc00000, 0x000000071bc00000, 0x000000071be00000|  0%| F|  |TAMS 0x000000071bc00000, 0x000000071bc00000| Untracked 
| 223|0x000000071be00000, 0x000000071be00000, 0x000000071c000000|  0%| F|  |TAMS 0x000000071be00000, 0x000000071be00000| Untracked 
| 224|0x000000071c000000, 0x000000071c000000, 0x000000071c200000|  0%| F|  |TAMS 0x000000071c000000, 0x000000071c000000| Untracked 
| 225|0x000000071c200000, 0x000000071c200000, 0x000000071c400000|  0%| F|  |TAMS 0x000000071c200000, 0x000000071c200000| Untracked 
| 226|0x000000071c400000, 0x000000071c400000, 0x000000071c600000|  0%| F|  |TAMS 0x000000071c400000, 0x000000071c400000| Untracked 
| 227|0x000000071c600000, 0x000000071c600000, 0x000000071c800000|  0%| F|  |TAMS 0x000000071c600000, 0x000000071c600000| Untracked 
| 228|0x000000071c800000, 0x000000071c800000, 0x000000071ca00000|  0%| F|  |TAMS 0x000000071c800000, 0x000000071c800000| Untracked 
| 229|0x000000071ca00000, 0x000000071ca00000, 0x000000071cc00000|  0%| F|  |TAMS 0x000000071ca00000, 0x000000071ca00000| Untracked 
| 230|0x000000071cc00000, 0x000000071cc00000, 0x000000071ce00000|  0%| F|  |TAMS 0x000000071cc00000, 0x000000071cc00000| Untracked 
| 231|0x000000071ce00000, 0x000000071ce00000, 0x000000071d000000|  0%| F|  |TAMS 0x000000071ce00000, 0x000000071ce00000| Untracked 
| 232|0x000000071d000000, 0x000000071d000000, 0x000000071d200000|  0%| F|  |TAMS 0x000000071d000000, 0x000000071d000000| Untracked 
| 233|0x000000071d200000, 0x000000071d200000, 0x000000071d400000|  0%| F|  |TAMS 0x000000071d200000, 0x000000071d200000| Untracked 
| 234|0x000000071d400000, 0x000000071d400000, 0x000000071d600000|  0%| F|  |TAMS 0x000000071d400000, 0x000000071d400000| Untracked 
| 235|0x000000071d600000, 0x000000071d600000, 0x000000071d800000|  0%| F|  |TAMS 0x000000071d600000, 0x000000071d600000| Untracked 
| 236|0x000000071d800000, 0x000000071d800000, 0x000000071da00000|  0%| F|  |TAMS 0x000000071d800000, 0x000000071d800000| Untracked 
| 237|0x000000071da00000, 0x000000071da00000, 0x000000071dc00000|  0%| F|  |TAMS 0x000000071da00000, 0x000000071da00000| Untracked 
| 238|0x000000071dc00000, 0x000000071dc00000, 0x000000071de00000|  0%| F|  |TAMS 0x000000071dc00000, 0x000000071dc00000| Untracked 
| 239|0x000000071de00000, 0x000000071de00000, 0x000000071e000000|  0%| F|  |TAMS 0x000000071de00000, 0x000000071de00000| Untracked 
| 240|0x000000071e000000, 0x000000071e000000, 0x000000071e200000|  0%| F|  |TAMS 0x000000071e000000, 0x000000071e000000| Untracked 
| 241|0x000000071e200000, 0x000000071e200000, 0x000000071e400000|  0%| F|  |TAMS 0x000000071e200000, 0x000000071e200000| Untracked 
| 242|0x000000071e400000, 0x000000071e400000, 0x000000071e600000|  0%| F|  |TAMS 0x000000071e400000, 0x000000071e400000| Untracked 
| 243|0x000000071e600000, 0x000000071e600000, 0x000000071e800000|  0%| F|  |TAMS 0x000000071e600000, 0x000000071e600000| Untracked 
| 244|0x000000071e800000, 0x000000071e800000, 0x000000071ea00000|  0%| F|  |TAMS 0x000000071e800000, 0x000000071e800000| Untracked 
| 245|0x000000071ea00000, 0x000000071ea00000, 0x000000071ec00000|  0%| F|  |TAMS 0x000000071ea00000, 0x000000071ea00000| Untracked 
| 246|0x000000071ec00000, 0x000000071ec00000, 0x000000071ee00000|  0%| F|  |TAMS 0x000000071ec00000, 0x000000071ec00000| Untracked 
| 247|0x000000071ee00000, 0x000000071ee00000, 0x000000071f000000|  0%| F|  |TAMS 0x000000071ee00000, 0x000000071ee00000| Untracked 
| 248|0x000000071f000000, 0x000000071f000000, 0x000000071f200000|  0%| F|  |TAMS 0x000000071f000000, 0x000000071f000000| Untracked 
| 249|0x000000071f200000, 0x000000071f200000, 0x000000071f400000|  0%| F|  |TAMS 0x000000071f200000, 0x000000071f200000| Untracked 
| 250|0x000000071f400000, 0x000000071f400000, 0x000000071f600000|  0%| F|  |TAMS 0x000000071f400000, 0x000000071f400000| Untracked 
| 251|0x000000071f600000, 0x000000071f600000, 0x000000071f800000|  0%| F|  |TAMS 0x000000071f600000, 0x000000071f600000| Untracked 
| 252|0x000000071f800000, 0x000000071f800000, 0x000000071fa00000|  0%| F|  |TAMS 0x000000071f800000, 0x000000071f800000| Untracked 
| 253|0x000000071fa00000, 0x000000071fa00000, 0x000000071fc00000|  0%| F|  |TAMS 0x000000071fa00000, 0x000000071fa00000| Untracked 
| 254|0x000000071fc00000, 0x000000071fc00000, 0x000000071fe00000|  0%| F|  |TAMS 0x000000071fc00000, 0x000000071fc00000| Untracked 
| 255|0x000000071fe00000, 0x000000071fe00000, 0x0000000720000000|  0%| F|  |TAMS 0x000000071fe00000, 0x000000071fe00000| Untracked 
| 256|0x0000000720000000, 0x0000000720000000, 0x0000000720200000|  0%| F|  |TAMS 0x0000000720000000, 0x0000000720000000| Untracked 
| 257|0x0000000720200000, 0x0000000720200000, 0x0000000720400000|  0%| F|  |TAMS 0x0000000720200000, 0x0000000720200000| Untracked 
| 258|0x0000000720400000, 0x0000000720400000, 0x0000000720600000|  0%| F|  |TAMS 0x0000000720400000, 0x0000000720400000| Untracked 
| 259|0x0000000720600000, 0x0000000720600000, 0x0000000720800000|  0%| F|  |TAMS 0x0000000720600000, 0x0000000720600000| Untracked 
| 260|0x0000000720800000, 0x0000000720800000, 0x0000000720a00000|  0%| F|  |TAMS 0x0000000720800000, 0x0000000720800000| Untracked 
| 261|0x0000000720a00000, 0x0000000720a00000, 0x0000000720c00000|  0%| F|  |TAMS 0x0000000720a00000, 0x0000000720a00000| Untracked 
| 262|0x0000000720c00000, 0x0000000720c00000, 0x0000000720e00000|  0%| F|  |TAMS 0x0000000720c00000, 0x0000000720c00000| Untracked 
| 263|0x0000000720e00000, 0x0000000720e00000, 0x0000000721000000|  0%| F|  |TAMS 0x0000000720e00000, 0x0000000720e00000| Untracked 
| 264|0x0000000721000000, 0x0000000721000000, 0x0000000721200000|  0%| F|  |TAMS 0x0000000721000000, 0x0000000721000000| Untracked 
| 265|0x0000000721200000, 0x0000000721200000, 0x0000000721400000|  0%| F|  |TAMS 0x0000000721200000, 0x0000000721200000| Untracked 
| 266|0x0000000721400000, 0x0000000721400000, 0x0000000721600000|  0%| F|  |TAMS 0x0000000721400000, 0x0000000721400000| Untracked 
| 267|0x0000000721600000, 0x0000000721600000, 0x0000000721800000|  0%| F|  |TAMS 0x0000000721600000, 0x0000000721600000| Untracked 
| 268|0x0000000721800000, 0x0000000721800000, 0x0000000721a00000|  0%| F|  |TAMS 0x0000000721800000, 0x0000000721800000| Untracked 
| 269|0x0000000721a00000, 0x0000000721a00000, 0x0000000721c00000|  0%| F|  |TAMS 0x0000000721a00000, 0x0000000721a00000| Untracked 
| 270|0x0000000721c00000, 0x0000000721c00000, 0x0000000721e00000|  0%| F|  |TAMS 0x0000000721c00000, 0x0000000721c00000| Untracked 
| 271|0x0000000721e00000, 0x0000000721e00000, 0x0000000722000000|  0%| F|  |TAMS 0x0000000721e00000, 0x0000000721e00000| Untracked 
| 272|0x0000000722000000, 0x0000000722000000, 0x0000000722200000|  0%| F|  |TAMS 0x0000000722000000, 0x0000000722000000| Untracked 
| 273|0x0000000722200000, 0x0000000722200000, 0x0000000722400000|  0%| F|  |TAMS 0x0000000722200000, 0x0000000722200000| Untracked 
| 274|0x0000000722400000, 0x0000000722400000, 0x0000000722600000|  0%| F|  |TAMS 0x0000000722400000, 0x0000000722400000| Untracked 
| 275|0x0000000722600000, 0x0000000722600000, 0x0000000722800000|  0%| F|  |TAMS 0x0000000722600000, 0x0000000722600000| Untracked 
| 276|0x0000000722800000, 0x0000000722800000, 0x0000000722a00000|  0%| F|  |TAMS 0x0000000722800000, 0x0000000722800000| Untracked 
| 277|0x0000000722a00000, 0x0000000722a00000, 0x0000000722c00000|  0%| F|  |TAMS 0x0000000722a00000, 0x0000000722a00000| Untracked 
| 278|0x0000000722c00000, 0x0000000722c00000, 0x0000000722e00000|  0%| F|  |TAMS 0x0000000722c00000, 0x0000000722c00000| Untracked 
| 279|0x0000000722e00000, 0x0000000722e00000, 0x0000000723000000|  0%| F|  |TAMS 0x0000000722e00000, 0x0000000722e00000| Untracked 
| 280|0x0000000723000000, 0x0000000723000000, 0x0000000723200000|  0%| F|  |TAMS 0x0000000723000000, 0x0000000723000000| Untracked 
| 281|0x0000000723200000, 0x0000000723200000, 0x0000000723400000|  0%| F|  |TAMS 0x0000000723200000, 0x0000000723200000| Untracked 
| 282|0x0000000723400000, 0x0000000723400000, 0x0000000723600000|  0%| F|  |TAMS 0x0000000723400000, 0x0000000723400000| Untracked 
| 283|0x0000000723600000, 0x0000000723600000, 0x0000000723800000|  0%| F|  |TAMS 0x0000000723600000, 0x0000000723600000| Untracked 
| 284|0x0000000723800000, 0x0000000723800000, 0x0000000723a00000|  0%| F|  |TAMS 0x0000000723800000, 0x0000000723800000| Untracked 
| 285|0x0000000723a00000, 0x0000000723a00000, 0x0000000723c00000|  0%| F|  |TAMS 0x0000000723a00000, 0x0000000723a00000| Untracked 
| 286|0x0000000723c00000, 0x0000000723c00000, 0x0000000723e00000|  0%| F|  |TAMS 0x0000000723c00000, 0x0000000723c00000| Untracked 
| 287|0x0000000723e00000, 0x0000000723e00000, 0x0000000724000000|  0%| F|  |TAMS 0x0000000723e00000, 0x0000000723e00000| Untracked 
| 288|0x0000000724000000, 0x0000000724000000, 0x0000000724200000|  0%| F|  |TAMS 0x0000000724000000, 0x0000000724000000| Untracked 
| 289|0x0000000724200000, 0x0000000724200000, 0x0000000724400000|  0%| F|  |TAMS 0x0000000724200000, 0x0000000724200000| Untracked 
| 290|0x0000000724400000, 0x0000000724400000, 0x0000000724600000|  0%| F|  |TAMS 0x0000000724400000, 0x0000000724400000| Untracked 
| 291|0x0000000724600000, 0x0000000724600000, 0x0000000724800000|  0%| F|  |TAMS 0x0000000724600000, 0x0000000724600000| Untracked 
| 292|0x0000000724800000, 0x0000000724800000, 0x0000000724a00000|  0%| F|  |TAMS 0x0000000724800000, 0x0000000724800000| Untracked 
| 293|0x0000000724a00000, 0x0000000724a00000, 0x0000000724c00000|  0%| F|  |TAMS 0x0000000724a00000, 0x0000000724a00000| Untracked 
| 294|0x0000000724c00000, 0x0000000724c00000, 0x0000000724e00000|  0%| F|  |TAMS 0x0000000724c00000, 0x0000000724c00000| Untracked 
| 295|0x0000000724e00000, 0x0000000724e00000, 0x0000000725000000|  0%| F|  |TAMS 0x0000000724e00000, 0x0000000724e00000| Untracked 
| 296|0x0000000725000000, 0x0000000725000000, 0x0000000725200000|  0%| F|  |TAMS 0x0000000725000000, 0x0000000725000000| Untracked 
| 297|0x0000000725200000, 0x0000000725200000, 0x0000000725400000|  0%| F|  |TAMS 0x0000000725200000, 0x0000000725200000| Untracked 
| 298|0x0000000725400000, 0x0000000725400000, 0x0000000725600000|  0%| F|  |TAMS 0x0000000725400000, 0x0000000725400000| Untracked 
| 299|0x0000000725600000, 0x0000000725600000, 0x0000000725800000|  0%| F|  |TAMS 0x0000000725600000, 0x0000000725600000| Untracked 
| 300|0x0000000725800000, 0x0000000725800000, 0x0000000725a00000|  0%| F|  |TAMS 0x0000000725800000, 0x0000000725800000| Untracked 
| 301|0x0000000725a00000, 0x0000000725a00000, 0x0000000725c00000|  0%| F|  |TAMS 0x0000000725a00000, 0x0000000725a00000| Untracked 
| 302|0x0000000725c00000, 0x0000000725c00000, 0x0000000725e00000|  0%| F|  |TAMS 0x0000000725c00000, 0x0000000725c00000| Untracked 
| 303|0x0000000725e00000, 0x0000000725e00000, 0x0000000726000000|  0%| F|  |TAMS 0x0000000725e00000, 0x0000000725e00000| Untracked 
| 304|0x0000000726000000, 0x0000000726000000, 0x0000000726200000|  0%| F|  |TAMS 0x0000000726000000, 0x0000000726000000| Untracked 
| 305|0x0000000726200000, 0x0000000726200000, 0x0000000726400000|  0%| F|  |TAMS 0x0000000726200000, 0x0000000726200000| Untracked 
| 306|0x0000000726400000, 0x0000000726400000, 0x0000000726600000|  0%| F|  |TAMS 0x0000000726400000, 0x0000000726400000| Untracked 
| 307|0x0000000726600000, 0x0000000726600000, 0x0000000726800000|  0%| F|  |TAMS 0x0000000726600000, 0x0000000726600000| Untracked 
| 308|0x0000000726800000, 0x0000000726800000, 0x0000000726a00000|  0%| F|  |TAMS 0x0000000726800000, 0x0000000726800000| Untracked 
| 309|0x0000000726a00000, 0x0000000726a00000, 0x0000000726c00000|  0%| F|  |TAMS 0x0000000726a00000, 0x0000000726a00000| Untracked 
| 310|0x0000000726c00000, 0x0000000726c00000, 0x0000000726e00000|  0%| F|  |TAMS 0x0000000726c00000, 0x0000000726c00000| Untracked 
| 311|0x0000000726e00000, 0x0000000726e00000, 0x0000000727000000|  0%| F|  |TAMS 0x0000000726e00000, 0x0000000726e00000| Untracked 
| 312|0x0000000727000000, 0x0000000727000000, 0x0000000727200000|  0%| F|  |TAMS 0x0000000727000000, 0x0000000727000000| Untracked 
| 313|0x0000000727200000, 0x0000000727200000, 0x0000000727400000|  0%| F|  |TAMS 0x0000000727200000, 0x0000000727200000| Untracked 
| 314|0x0000000727400000, 0x0000000727400000, 0x0000000727600000|  0%| F|  |TAMS 0x0000000727400000, 0x0000000727400000| Untracked 
| 315|0x0000000727600000, 0x0000000727600000, 0x0000000727800000|  0%| F|  |TAMS 0x0000000727600000, 0x0000000727600000| Untracked 
| 316|0x0000000727800000, 0x0000000727800000, 0x0000000727a00000|  0%| F|  |TAMS 0x0000000727800000, 0x0000000727800000| Untracked 
| 317|0x0000000727a00000, 0x0000000727a00000, 0x0000000727c00000|  0%| F|  |TAMS 0x0000000727a00000, 0x0000000727a00000| Untracked 
| 318|0x0000000727c00000, 0x0000000727c00000, 0x0000000727e00000|  0%| F|  |TAMS 0x0000000727c00000, 0x0000000727c00000| Untracked 
| 319|0x0000000727e00000, 0x0000000727e00000, 0x0000000728000000|  0%| F|  |TAMS 0x0000000727e00000, 0x0000000727e00000| Untracked 
| 320|0x0000000728000000, 0x0000000728000000, 0x0000000728200000|  0%| F|  |TAMS 0x0000000728000000, 0x0000000728000000| Untracked 
| 321|0x0000000728200000, 0x0000000728200000, 0x0000000728400000|  0%| F|  |TAMS 0x0000000728200000, 0x0000000728200000| Untracked 
| 322|0x0000000728400000, 0x0000000728400000, 0x0000000728600000|  0%| F|  |TAMS 0x0000000728400000, 0x0000000728400000| Untracked 
| 323|0x0000000728600000, 0x0000000728600000, 0x0000000728800000|  0%| F|  |TAMS 0x0000000728600000, 0x0000000728600000| Untracked 
| 324|0x0000000728800000, 0x0000000728800000, 0x0000000728a00000|  0%| F|  |TAMS 0x0000000728800000, 0x0000000728800000| Untracked 
| 325|0x0000000728a00000, 0x0000000728a00000, 0x0000000728c00000|  0%| F|  |TAMS 0x0000000728a00000, 0x0000000728a00000| Untracked 
| 326|0x0000000728c00000, 0x0000000728c00000, 0x0000000728e00000|  0%| F|  |TAMS 0x0000000728c00000, 0x0000000728c00000| Untracked 
| 327|0x0000000728e00000, 0x0000000728e00000, 0x0000000729000000|  0%| F|  |TAMS 0x0000000728e00000, 0x0000000728e00000| Untracked 
| 328|0x0000000729000000, 0x0000000729000000, 0x0000000729200000|  0%| F|  |TAMS 0x0000000729000000, 0x0000000729000000| Untracked 
| 329|0x0000000729200000, 0x0000000729200000, 0x0000000729400000|  0%| F|  |TAMS 0x0000000729200000, 0x0000000729200000| Untracked 
| 330|0x0000000729400000, 0x0000000729400000, 0x0000000729600000|  0%| F|  |TAMS 0x0000000729400000, 0x0000000729400000| Untracked 
| 331|0x0000000729600000, 0x0000000729600000, 0x0000000729800000|  0%| F|  |TAMS 0x0000000729600000, 0x0000000729600000| Untracked 
| 332|0x0000000729800000, 0x0000000729800000, 0x0000000729a00000|  0%| F|  |TAMS 0x0000000729800000, 0x0000000729800000| Untracked 
| 333|0x0000000729a00000, 0x0000000729a00000, 0x0000000729c00000|  0%| F|  |TAMS 0x0000000729a00000, 0x0000000729a00000| Untracked 
| 334|0x0000000729c00000, 0x0000000729c00000, 0x0000000729e00000|  0%| F|  |TAMS 0x0000000729c00000, 0x0000000729c00000| Untracked 
| 335|0x0000000729e00000, 0x0000000729e00000, 0x000000072a000000|  0%| F|  |TAMS 0x0000000729e00000, 0x0000000729e00000| Untracked 
| 336|0x000000072a000000, 0x000000072a000000, 0x000000072a200000|  0%| F|  |TAMS 0x000000072a000000, 0x000000072a000000| Untracked 
| 337|0x000000072a200000, 0x000000072a200000, 0x000000072a400000|  0%| F|  |TAMS 0x000000072a200000, 0x000000072a200000| Untracked 
| 338|0x000000072a400000, 0x000000072a400000, 0x000000072a600000|  0%| F|  |TAMS 0x000000072a400000, 0x000000072a400000| Untracked 
| 339|0x000000072a600000, 0x000000072a600000, 0x000000072a800000|  0%| F|  |TAMS 0x000000072a600000, 0x000000072a600000| Untracked 
| 340|0x000000072a800000, 0x000000072a800000, 0x000000072aa00000|  0%| F|  |TAMS 0x000000072a800000, 0x000000072a800000| Untracked 
| 341|0x000000072aa00000, 0x000000072aa00000, 0x000000072ac00000|  0%| F|  |TAMS 0x000000072aa00000, 0x000000072aa00000| Untracked 
| 342|0x000000072ac00000, 0x000000072ac00000, 0x000000072ae00000|  0%| F|  |TAMS 0x000000072ac00000, 0x000000072ac00000| Untracked 
| 343|0x000000072ae00000, 0x000000072ae00000, 0x000000072b000000|  0%| F|  |TAMS 0x000000072ae00000, 0x000000072ae00000| Untracked 
| 344|0x000000072b000000, 0x000000072b000000, 0x000000072b200000|  0%| F|  |TAMS 0x000000072b000000, 0x000000072b000000| Untracked 
| 345|0x000000072b200000, 0x000000072b200000, 0x000000072b400000|  0%| F|  |TAMS 0x000000072b200000, 0x000000072b200000| Untracked 
| 346|0x000000072b400000, 0x000000072b400000, 0x000000072b600000|  0%| F|  |TAMS 0x000000072b400000, 0x000000072b400000| Untracked 
| 347|0x000000072b600000, 0x000000072b600000, 0x000000072b800000|  0%| F|  |TAMS 0x000000072b600000, 0x000000072b600000| Untracked 
| 348|0x000000072b800000, 0x000000072b800000, 0x000000072ba00000|  0%| F|  |TAMS 0x000000072b800000, 0x000000072b800000| Untracked 
| 349|0x000000072ba00000, 0x000000072ba00000, 0x000000072bc00000|  0%| F|  |TAMS 0x000000072ba00000, 0x000000072ba00000| Untracked 
| 350|0x000000072bc00000, 0x000000072bc00000, 0x000000072be00000|  0%| F|  |TAMS 0x000000072bc00000, 0x000000072bc00000| Untracked 
| 351|0x000000072be00000, 0x000000072be00000, 0x000000072c000000|  0%| F|  |TAMS 0x000000072be00000, 0x000000072be00000| Untracked 
| 352|0x000000072c000000, 0x000000072c000000, 0x000000072c200000|  0%| F|  |TAMS 0x000000072c000000, 0x000000072c000000| Untracked 
| 353|0x000000072c200000, 0x000000072c200000, 0x000000072c400000|  0%| F|  |TAMS 0x000000072c200000, 0x000000072c200000| Untracked 
| 354|0x000000072c400000, 0x000000072c400000, 0x000000072c600000|  0%| F|  |TAMS 0x000000072c400000, 0x000000072c400000| Untracked 
| 355|0x000000072c600000, 0x000000072c600000, 0x000000072c800000|  0%| F|  |TAMS 0x000000072c600000, 0x000000072c600000| Untracked 
| 356|0x000000072c800000, 0x000000072c800000, 0x000000072ca00000|  0%| F|  |TAMS 0x000000072c800000, 0x000000072c800000| Untracked 
| 357|0x000000072ca00000, 0x000000072ca00000, 0x000000072cc00000|  0%| F|  |TAMS 0x000000072ca00000, 0x000000072ca00000| Untracked 
| 358|0x000000072cc00000, 0x000000072cc00000, 0x000000072ce00000|  0%| F|  |TAMS 0x000000072cc00000, 0x000000072cc00000| Untracked 
| 359|0x000000072ce00000, 0x000000072ce00000, 0x000000072d000000|  0%| F|  |TAMS 0x000000072ce00000, 0x000000072ce00000| Untracked 
| 360|0x000000072d000000, 0x000000072d000000, 0x000000072d200000|  0%| F|  |TAMS 0x000000072d000000, 0x000000072d000000| Untracked 
| 361|0x000000072d200000, 0x000000072d200000, 0x000000072d400000|  0%| F|  |TAMS 0x000000072d200000, 0x000000072d200000| Untracked 
| 362|0x000000072d400000, 0x000000072d400000, 0x000000072d600000|  0%| F|  |TAMS 0x000000072d400000, 0x000000072d400000| Untracked 
| 363|0x000000072d600000, 0x000000072d600000, 0x000000072d800000|  0%| F|  |TAMS 0x000000072d600000, 0x000000072d600000| Untracked 
| 364|0x000000072d800000, 0x000000072d800000, 0x000000072da00000|  0%| F|  |TAMS 0x000000072d800000, 0x000000072d800000| Untracked 
| 365|0x000000072da00000, 0x000000072da00000, 0x000000072dc00000|  0%| F|  |TAMS 0x000000072da00000, 0x000000072da00000| Untracked 
| 366|0x000000072dc00000, 0x000000072dc00000, 0x000000072de00000|  0%| F|  |TAMS 0x000000072dc00000, 0x000000072dc00000| Untracked 
| 367|0x000000072de00000, 0x000000072de00000, 0x000000072e000000|  0%| F|  |TAMS 0x000000072de00000, 0x000000072de00000| Untracked 
| 368|0x000000072e000000, 0x000000072e000000, 0x000000072e200000|  0%| F|  |TAMS 0x000000072e000000, 0x000000072e000000| Untracked 
| 369|0x000000072e200000, 0x000000072e200000, 0x000000072e400000|  0%| F|  |TAMS 0x000000072e200000, 0x000000072e200000| Untracked 
| 370|0x000000072e400000, 0x000000072e400000, 0x000000072e600000|  0%| F|  |TAMS 0x000000072e400000, 0x000000072e400000| Untracked 
| 371|0x000000072e600000, 0x000000072e600000, 0x000000072e800000|  0%| F|  |TAMS 0x000000072e600000, 0x000000072e600000| Untracked 
| 372|0x000000072e800000, 0x000000072e800000, 0x000000072ea00000|  0%| F|  |TAMS 0x000000072e800000, 0x000000072e800000| Untracked 
| 373|0x000000072ea00000, 0x000000072ea00000, 0x000000072ec00000|  0%| F|  |TAMS 0x000000072ea00000, 0x000000072ea00000| Untracked 
| 374|0x000000072ec00000, 0x000000072ec00000, 0x000000072ee00000|  0%| F|  |TAMS 0x000000072ec00000, 0x000000072ec00000| Untracked 
| 375|0x000000072ee00000, 0x000000072ee00000, 0x000000072f000000|  0%| F|  |TAMS 0x000000072ee00000, 0x000000072ee00000| Untracked 
| 376|0x000000072f000000, 0x000000072f000000, 0x000000072f200000|  0%| F|  |TAMS 0x000000072f000000, 0x000000072f000000| Untracked 
| 377|0x000000072f200000, 0x000000072f200000, 0x000000072f400000|  0%| F|  |TAMS 0x000000072f200000, 0x000000072f200000| Untracked 
| 378|0x000000072f400000, 0x000000072f400000, 0x000000072f600000|  0%| F|  |TAMS 0x000000072f400000, 0x000000072f400000| Untracked 
| 379|0x000000072f600000, 0x000000072f600000, 0x000000072f800000|  0%| F|  |TAMS 0x000000072f600000, 0x000000072f600000| Untracked 
| 380|0x000000072f800000, 0x000000072f800000, 0x000000072fa00000|  0%| F|  |TAMS 0x000000072f800000, 0x000000072f800000| Untracked 
| 381|0x000000072fa00000, 0x000000072fa00000, 0x000000072fc00000|  0%| F|  |TAMS 0x000000072fa00000, 0x000000072fa00000| Untracked 
| 382|0x000000072fc00000, 0x000000072fc00000, 0x000000072fe00000|  0%| F|  |TAMS 0x000000072fc00000, 0x000000072fc00000| Untracked 
| 383|0x000000072fe00000, 0x000000072fe00000, 0x0000000730000000|  0%| F|  |TAMS 0x000000072fe00000, 0x000000072fe00000| Untracked 
| 384|0x0000000730000000, 0x0000000730000000, 0x0000000730200000|  0%| F|  |TAMS 0x0000000730000000, 0x0000000730000000| Untracked 
| 385|0x0000000730200000, 0x0000000730200000, 0x0000000730400000|  0%| F|  |TAMS 0x0000000730200000, 0x0000000730200000| Untracked 
| 386|0x0000000730400000, 0x0000000730400000, 0x0000000730600000|  0%| F|  |TAMS 0x0000000730400000, 0x0000000730400000| Untracked 
| 387|0x0000000730600000, 0x0000000730600000, 0x0000000730800000|  0%| F|  |TAMS 0x0000000730600000, 0x0000000730600000| Untracked 
| 388|0x0000000730800000, 0x0000000730800000, 0x0000000730a00000|  0%| F|  |TAMS 0x0000000730800000, 0x0000000730800000| Untracked 
| 389|0x0000000730a00000, 0x0000000730a00000, 0x0000000730c00000|  0%| F|  |TAMS 0x0000000730a00000, 0x0000000730a00000| Untracked 
| 390|0x0000000730c00000, 0x0000000730c00000, 0x0000000730e00000|  0%| F|  |TAMS 0x0000000730c00000, 0x0000000730c00000| Untracked 
| 391|0x0000000730e00000, 0x0000000730e00000, 0x0000000731000000|  0%| F|  |TAMS 0x0000000730e00000, 0x0000000730e00000| Untracked 
| 392|0x0000000731000000, 0x0000000731000000, 0x0000000731200000|  0%| F|  |TAMS 0x0000000731000000, 0x0000000731000000| Untracked 
| 393|0x0000000731200000, 0x0000000731200000, 0x0000000731400000|  0%| F|  |TAMS 0x0000000731200000, 0x0000000731200000| Untracked 
| 394|0x0000000731400000, 0x0000000731400000, 0x0000000731600000|  0%| F|  |TAMS 0x0000000731400000, 0x0000000731400000| Untracked 
| 395|0x0000000731600000, 0x0000000731600000, 0x0000000731800000|  0%| F|  |TAMS 0x0000000731600000, 0x0000000731600000| Untracked 
| 396|0x0000000731800000, 0x0000000731800000, 0x0000000731a00000|  0%| F|  |TAMS 0x0000000731800000, 0x0000000731800000| Untracked 
| 397|0x0000000731a00000, 0x0000000731a00000, 0x0000000731c00000|  0%| F|  |TAMS 0x0000000731a00000, 0x0000000731a00000| Untracked 
| 398|0x0000000731c00000, 0x0000000731c00000, 0x0000000731e00000|  0%| F|  |TAMS 0x0000000731c00000, 0x0000000731c00000| Untracked 
| 399|0x0000000731e00000, 0x0000000731e00000, 0x0000000732000000|  0%| F|  |TAMS 0x0000000731e00000, 0x0000000731e00000| Untracked 
| 400|0x0000000732000000, 0x0000000732000000, 0x0000000732200000|  0%| F|  |TAMS 0x0000000732000000, 0x0000000732000000| Untracked 
| 401|0x0000000732200000, 0x0000000732200000, 0x0000000732400000|  0%| F|  |TAMS 0x0000000732200000, 0x0000000732200000| Untracked 
| 402|0x0000000732400000, 0x0000000732400000, 0x0000000732600000|  0%| F|  |TAMS 0x0000000732400000, 0x0000000732400000| Untracked 
| 403|0x0000000732600000, 0x0000000732600000, 0x0000000732800000|  0%| F|  |TAMS 0x0000000732600000, 0x0000000732600000| Untracked 
| 404|0x0000000732800000, 0x0000000732800000, 0x0000000732a00000|  0%| F|  |TAMS 0x0000000732800000, 0x0000000732800000| Untracked 
| 405|0x0000000732a00000, 0x0000000732a00000, 0x0000000732c00000|  0%| F|  |TAMS 0x0000000732a00000, 0x0000000732a00000| Untracked 
| 406|0x0000000732c00000, 0x0000000732c00000, 0x0000000732e00000|  0%| F|  |TAMS 0x0000000732c00000, 0x0000000732c00000| Untracked 
| 407|0x0000000732e00000, 0x0000000732e00000, 0x0000000733000000|  0%| F|  |TAMS 0x0000000732e00000, 0x0000000732e00000| Untracked 
| 408|0x0000000733000000, 0x0000000733000000, 0x0000000733200000|  0%| F|  |TAMS 0x0000000733000000, 0x0000000733000000| Untracked 
| 409|0x0000000733200000, 0x0000000733200000, 0x0000000733400000|  0%| F|  |TAMS 0x0000000733200000, 0x0000000733200000| Untracked 
| 410|0x0000000733400000, 0x0000000733400000, 0x0000000733600000|  0%| F|  |TAMS 0x0000000733400000, 0x0000000733400000| Untracked 
| 411|0x0000000733600000, 0x0000000733600000, 0x0000000733800000|  0%| F|  |TAMS 0x0000000733600000, 0x0000000733600000| Untracked 
| 412|0x0000000733800000, 0x0000000733800000, 0x0000000733a00000|  0%| F|  |TAMS 0x0000000733800000, 0x0000000733800000| Untracked 
| 413|0x0000000733a00000, 0x0000000733a00000, 0x0000000733c00000|  0%| F|  |TAMS 0x0000000733a00000, 0x0000000733a00000| Untracked 
| 414|0x0000000733c00000, 0x0000000733c00000, 0x0000000733e00000|  0%| F|  |TAMS 0x0000000733c00000, 0x0000000733c00000| Untracked 
| 415|0x0000000733e00000, 0x0000000733e00000, 0x0000000734000000|  0%| F|  |TAMS 0x0000000733e00000, 0x0000000733e00000| Untracked 
| 416|0x0000000734000000, 0x0000000734000000, 0x0000000734200000|  0%| F|  |TAMS 0x0000000734000000, 0x0000000734000000| Untracked 
| 417|0x0000000734200000, 0x0000000734200000, 0x0000000734400000|  0%| F|  |TAMS 0x0000000734200000, 0x0000000734200000| Untracked 
| 418|0x0000000734400000, 0x0000000734400000, 0x0000000734600000|  0%| F|  |TAMS 0x0000000734400000, 0x0000000734400000| Untracked 
| 419|0x0000000734600000, 0x0000000734600000, 0x0000000734800000|  0%| F|  |TAMS 0x0000000734600000, 0x0000000734600000| Untracked 
| 420|0x0000000734800000, 0x0000000734800000, 0x0000000734a00000|  0%| F|  |TAMS 0x0000000734800000, 0x0000000734800000| Untracked 
| 421|0x0000000734a00000, 0x0000000734a00000, 0x0000000734c00000|  0%| F|  |TAMS 0x0000000734a00000, 0x0000000734a00000| Untracked 
| 422|0x0000000734c00000, 0x0000000734c00000, 0x0000000734e00000|  0%| F|  |TAMS 0x0000000734c00000, 0x0000000734c00000| Untracked 
| 423|0x0000000734e00000, 0x0000000734e00000, 0x0000000735000000|  0%| F|  |TAMS 0x0000000734e00000, 0x0000000734e00000| Untracked 
| 424|0x0000000735000000, 0x0000000735000000, 0x0000000735200000|  0%| F|  |TAMS 0x0000000735000000, 0x0000000735000000| Untracked 
| 425|0x0000000735200000, 0x0000000735200000, 0x0000000735400000|  0%| F|  |TAMS 0x0000000735200000, 0x0000000735200000| Untracked 
| 426|0x0000000735400000, 0x0000000735400000, 0x0000000735600000|  0%| F|  |TAMS 0x0000000735400000, 0x0000000735400000| Untracked 
| 427|0x0000000735600000, 0x0000000735600000, 0x0000000735800000|  0%| F|  |TAMS 0x0000000735600000, 0x0000000735600000| Untracked 
| 428|0x0000000735800000, 0x0000000735800000, 0x0000000735a00000|  0%| F|  |TAMS 0x0000000735800000, 0x0000000735800000| Untracked 
| 429|0x0000000735a00000, 0x0000000735a00000, 0x0000000735c00000|  0%| F|  |TAMS 0x0000000735a00000, 0x0000000735a00000| Untracked 
| 430|0x0000000735c00000, 0x0000000735c00000, 0x0000000735e00000|  0%| F|  |TAMS 0x0000000735c00000, 0x0000000735c00000| Untracked 
| 431|0x0000000735e00000, 0x0000000735e00000, 0x0000000736000000|  0%| F|  |TAMS 0x0000000735e00000, 0x0000000735e00000| Untracked 
| 432|0x0000000736000000, 0x0000000736000000, 0x0000000736200000|  0%| F|  |TAMS 0x0000000736000000, 0x0000000736000000| Untracked 
| 433|0x0000000736200000, 0x0000000736200000, 0x0000000736400000|  0%| F|  |TAMS 0x0000000736200000, 0x0000000736200000| Untracked 
| 434|0x0000000736400000, 0x0000000736400000, 0x0000000736600000|  0%| F|  |TAMS 0x0000000736400000, 0x0000000736400000| Untracked 
| 435|0x0000000736600000, 0x0000000736600000, 0x0000000736800000|  0%| F|  |TAMS 0x0000000736600000, 0x0000000736600000| Untracked 
| 436|0x0000000736800000, 0x0000000736800000, 0x0000000736a00000|  0%| F|  |TAMS 0x0000000736800000, 0x0000000736800000| Untracked 
| 437|0x0000000736a00000, 0x0000000736a00000, 0x0000000736c00000|  0%| F|  |TAMS 0x0000000736a00000, 0x0000000736a00000| Untracked 
| 438|0x0000000736c00000, 0x0000000736c00000, 0x0000000736e00000|  0%| F|  |TAMS 0x0000000736c00000, 0x0000000736c00000| Untracked 
| 439|0x0000000736e00000, 0x0000000736e00000, 0x0000000737000000|  0%| F|  |TAMS 0x0000000736e00000, 0x0000000736e00000| Untracked 
| 440|0x0000000737000000, 0x0000000737000000, 0x0000000737200000|  0%| F|  |TAMS 0x0000000737000000, 0x0000000737000000| Untracked 
| 441|0x0000000737200000, 0x0000000737200000, 0x0000000737400000|  0%| F|  |TAMS 0x0000000737200000, 0x0000000737200000| Untracked 
| 442|0x0000000737400000, 0x0000000737400000, 0x0000000737600000|  0%| F|  |TAMS 0x0000000737400000, 0x0000000737400000| Untracked 
| 443|0x0000000737600000, 0x0000000737600000, 0x0000000737800000|  0%| F|  |TAMS 0x0000000737600000, 0x0000000737600000| Untracked 
| 444|0x0000000737800000, 0x0000000737800000, 0x0000000737a00000|  0%| F|  |TAMS 0x0000000737800000, 0x0000000737800000| Untracked 
| 445|0x0000000737a00000, 0x0000000737a00000, 0x0000000737c00000|  0%| F|  |TAMS 0x0000000737a00000, 0x0000000737a00000| Untracked 
| 446|0x0000000737c00000, 0x0000000737c00000, 0x0000000737e00000|  0%| F|  |TAMS 0x0000000737c00000, 0x0000000737c00000| Untracked 
| 447|0x0000000737e00000, 0x0000000737e00000, 0x0000000738000000|  0%| F|  |TAMS 0x0000000737e00000, 0x0000000737e00000| Untracked 
| 448|0x0000000738000000, 0x0000000738000000, 0x0000000738200000|  0%| F|  |TAMS 0x0000000738000000, 0x0000000738000000| Untracked 
| 449|0x0000000738200000, 0x0000000738200000, 0x0000000738400000|  0%| F|  |TAMS 0x0000000738200000, 0x0000000738200000| Untracked 
| 450|0x0000000738400000, 0x0000000738400000, 0x0000000738600000|  0%| F|  |TAMS 0x0000000738400000, 0x0000000738400000| Untracked 
| 451|0x0000000738600000, 0x0000000738600000, 0x0000000738800000|  0%| F|  |TAMS 0x0000000738600000, 0x0000000738600000| Untracked 
| 452|0x0000000738800000, 0x0000000738800000, 0x0000000738a00000|  0%| F|  |TAMS 0x0000000738800000, 0x0000000738800000| Untracked 
| 453|0x0000000738a00000, 0x0000000738a00000, 0x0000000738c00000|  0%| F|  |TAMS 0x0000000738a00000, 0x0000000738a00000| Untracked 
| 454|0x0000000738c00000, 0x0000000738c00000, 0x0000000738e00000|  0%| F|  |TAMS 0x0000000738c00000, 0x0000000738c00000| Untracked 
| 455|0x0000000738e00000, 0x0000000738e00000, 0x0000000739000000|  0%| F|  |TAMS 0x0000000738e00000, 0x0000000738e00000| Untracked 
| 456|0x0000000739000000, 0x0000000739000000, 0x0000000739200000|  0%| F|  |TAMS 0x0000000739000000, 0x0000000739000000| Untracked 
| 457|0x0000000739200000, 0x0000000739200000, 0x0000000739400000|  0%| F|  |TAMS 0x0000000739200000, 0x0000000739200000| Untracked 
| 458|0x0000000739400000, 0x0000000739400000, 0x0000000739600000|  0%| F|  |TAMS 0x0000000739400000, 0x0000000739400000| Untracked 
| 459|0x0000000739600000, 0x0000000739600000, 0x0000000739800000|  0%| F|  |TAMS 0x0000000739600000, 0x0000000739600000| Untracked 
| 460|0x0000000739800000, 0x0000000739800000, 0x0000000739a00000|  0%| F|  |TAMS 0x0000000739800000, 0x0000000739800000| Untracked 
| 461|0x0000000739a00000, 0x0000000739a00000, 0x0000000739c00000|  0%| F|  |TAMS 0x0000000739a00000, 0x0000000739a00000| Untracked 
| 462|0x0000000739c00000, 0x0000000739c00000, 0x0000000739e00000|  0%| F|  |TAMS 0x0000000739c00000, 0x0000000739c00000| Untracked 
| 463|0x0000000739e00000, 0x0000000739e00000, 0x000000073a000000|  0%| F|  |TAMS 0x0000000739e00000, 0x0000000739e00000| Untracked 
| 464|0x000000073a000000, 0x000000073a000000, 0x000000073a200000|  0%| F|  |TAMS 0x000000073a000000, 0x000000073a000000| Untracked 
| 465|0x000000073a200000, 0x000000073a200000, 0x000000073a400000|  0%| F|  |TAMS 0x000000073a200000, 0x000000073a200000| Untracked 
| 466|0x000000073a400000, 0x000000073a400000, 0x000000073a600000|  0%| F|  |TAMS 0x000000073a400000, 0x000000073a400000| Untracked 
| 467|0x000000073a600000, 0x000000073a600000, 0x000000073a800000|  0%| F|  |TAMS 0x000000073a600000, 0x000000073a600000| Untracked 
| 468|0x000000073a800000, 0x000000073a800000, 0x000000073aa00000|  0%| F|  |TAMS 0x000000073a800000, 0x000000073a800000| Untracked 
| 469|0x000000073aa00000, 0x000000073aa00000, 0x000000073ac00000|  0%| F|  |TAMS 0x000000073aa00000, 0x000000073aa00000| Untracked 
| 470|0x000000073ac00000, 0x000000073ac00000, 0x000000073ae00000|  0%| F|  |TAMS 0x000000073ac00000, 0x000000073ac00000| Untracked 
| 471|0x000000073ae00000, 0x000000073ae00000, 0x000000073b000000|  0%| F|  |TAMS 0x000000073ae00000, 0x000000073ae00000| Untracked 
| 472|0x000000073b000000, 0x000000073b000000, 0x000000073b200000|  0%| F|  |TAMS 0x000000073b000000, 0x000000073b000000| Untracked 
| 473|0x000000073b200000, 0x000000073b200000, 0x000000073b400000|  0%| F|  |TAMS 0x000000073b200000, 0x000000073b200000| Untracked 
| 474|0x000000073b400000, 0x000000073b400000, 0x000000073b600000|  0%| F|  |TAMS 0x000000073b400000, 0x000000073b400000| Untracked 
| 475|0x000000073b600000, 0x000000073b600000, 0x000000073b800000|  0%| F|  |TAMS 0x000000073b600000, 0x000000073b600000| Untracked 
| 476|0x000000073b800000, 0x000000073b800000, 0x000000073ba00000|  0%| F|  |TAMS 0x000000073b800000, 0x000000073b800000| Untracked 
| 477|0x000000073ba00000, 0x000000073ba00000, 0x000000073bc00000|  0%| F|  |TAMS 0x000000073ba00000, 0x000000073ba00000| Untracked 
| 478|0x000000073bc00000, 0x000000073bc00000, 0x000000073be00000|  0%| F|  |TAMS 0x000000073bc00000, 0x000000073bc00000| Untracked 
| 479|0x000000073be00000, 0x000000073be00000, 0x000000073c000000|  0%| F|  |TAMS 0x000000073be00000, 0x000000073be00000| Untracked 
| 480|0x000000073c000000, 0x000000073c000000, 0x000000073c200000|  0%| F|  |TAMS 0x000000073c000000, 0x000000073c000000| Untracked 
| 481|0x000000073c200000, 0x000000073c200000, 0x000000073c400000|  0%| F|  |TAMS 0x000000073c200000, 0x000000073c200000| Untracked 
| 482|0x000000073c400000, 0x000000073c400000, 0x000000073c600000|  0%| F|  |TAMS 0x000000073c400000, 0x000000073c400000| Untracked 
| 483|0x000000073c600000, 0x000000073c600000, 0x000000073c800000|  0%| F|  |TAMS 0x000000073c600000, 0x000000073c600000| Untracked 
| 484|0x000000073c800000, 0x000000073c800000, 0x000000073ca00000|  0%| F|  |TAMS 0x000000073c800000, 0x000000073c800000| Untracked 
| 485|0x000000073ca00000, 0x000000073ca00000, 0x000000073cc00000|  0%| F|  |TAMS 0x000000073ca00000, 0x000000073ca00000| Untracked 
| 486|0x000000073cc00000, 0x000000073cc00000, 0x000000073ce00000|  0%| F|  |TAMS 0x000000073cc00000, 0x000000073cc00000| Untracked 
| 487|0x000000073ce00000, 0x000000073ce00000, 0x000000073d000000|  0%| F|  |TAMS 0x000000073ce00000, 0x000000073ce00000| Untracked 
| 488|0x000000073d000000, 0x000000073d000000, 0x000000073d200000|  0%| F|  |TAMS 0x000000073d000000, 0x000000073d000000| Untracked 
| 489|0x000000073d200000, 0x000000073d200000, 0x000000073d400000|  0%| F|  |TAMS 0x000000073d200000, 0x000000073d200000| Untracked 
| 490|0x000000073d400000, 0x000000073d400000, 0x000000073d600000|  0%| F|  |TAMS 0x000000073d400000, 0x000000073d400000| Untracked 
| 491|0x000000073d600000, 0x000000073d600000, 0x000000073d800000|  0%| F|  |TAMS 0x000000073d600000, 0x000000073d600000| Untracked 
| 492|0x000000073d800000, 0x000000073d800000, 0x000000073da00000|  0%| F|  |TAMS 0x000000073d800000, 0x000000073d800000| Untracked 
| 493|0x000000073da00000, 0x000000073da00000, 0x000000073dc00000|  0%| F|  |TAMS 0x000000073da00000, 0x000000073da00000| Untracked 
| 494|0x000000073dc00000, 0x000000073dc00000, 0x000000073de00000|  0%| F|  |TAMS 0x000000073dc00000, 0x000000073dc00000| Untracked 
| 495|0x000000073de00000, 0x000000073de00000, 0x000000073e000000|  0%| F|  |TAMS 0x000000073de00000, 0x000000073de00000| Untracked 
| 496|0x000000073e000000, 0x000000073e000000, 0x000000073e200000|  0%| F|  |TAMS 0x000000073e000000, 0x000000073e000000| Untracked 
| 497|0x000000073e200000, 0x000000073e200000, 0x000000073e400000|  0%| F|  |TAMS 0x000000073e200000, 0x000000073e200000| Untracked 
| 498|0x000000073e400000, 0x000000073e400000, 0x000000073e600000|  0%| F|  |TAMS 0x000000073e400000, 0x000000073e400000| Untracked 
| 499|0x000000073e600000, 0x000000073e600000, 0x000000073e800000|  0%| F|  |TAMS 0x000000073e600000, 0x000000073e600000| Untracked 
| 500|0x000000073e800000, 0x000000073e800000, 0x000000073ea00000|  0%| F|  |TAMS 0x000000073e800000, 0x000000073e800000| Untracked 
| 501|0x000000073ea00000, 0x000000073ea00000, 0x000000073ec00000|  0%| F|  |TAMS 0x000000073ea00000, 0x000000073ea00000| Untracked 
| 502|0x000000073ec00000, 0x000000073ec00000, 0x000000073ee00000|  0%| F|  |TAMS 0x000000073ec00000, 0x000000073ec00000| Untracked 
| 503|0x000000073ee00000, 0x000000073ee00000, 0x000000073f000000|  0%| F|  |TAMS 0x000000073ee00000, 0x000000073ee00000| Untracked 
| 504|0x000000073f000000, 0x000000073f000000, 0x000000073f200000|  0%| F|  |TAMS 0x000000073f000000, 0x000000073f000000| Untracked 
| 505|0x000000073f200000, 0x000000073f200000, 0x000000073f400000|  0%| F|  |TAMS 0x000000073f200000, 0x000000073f200000| Untracked 
| 506|0x000000073f400000, 0x000000073f400000, 0x000000073f600000|  0%| F|  |TAMS 0x000000073f400000, 0x000000073f400000| Untracked 
| 507|0x000000073f600000, 0x000000073f600000, 0x000000073f800000|  0%| F|  |TAMS 0x000000073f600000, 0x000000073f600000| Untracked 
| 508|0x000000073f800000, 0x000000073f800000, 0x000000073fa00000|  0%| F|  |TAMS 0x000000073f800000, 0x000000073f800000| Untracked 
| 509|0x000000073fa00000, 0x000000073fa00000, 0x000000073fc00000|  0%| F|  |TAMS 0x000000073fa00000, 0x000000073fa00000| Untracked 
| 510|0x000000073fc00000, 0x000000073fc00000, 0x000000073fe00000|  0%| F|  |TAMS 0x000000073fc00000, 0x000000073fc00000| Untracked 
| 511|0x000000073fe00000, 0x000000073fe00000, 0x0000000740000000|  0%| F|  |TAMS 0x000000073fe00000, 0x000000073fe00000| Untracked 
| 512|0x0000000740000000, 0x0000000740000000, 0x0000000740200000|  0%| F|  |TAMS 0x0000000740000000, 0x0000000740000000| Untracked 
| 513|0x0000000740200000, 0x0000000740200000, 0x0000000740400000|  0%| F|  |TAMS 0x0000000740200000, 0x0000000740200000| Untracked 
| 514|0x0000000740400000, 0x0000000740400000, 0x0000000740600000|  0%| F|  |TAMS 0x0000000740400000, 0x0000000740400000| Untracked 
| 515|0x0000000740600000, 0x0000000740600000, 0x0000000740800000|  0%| F|  |TAMS 0x0000000740600000, 0x0000000740600000| Untracked 
| 516|0x0000000740800000, 0x0000000740800000, 0x0000000740a00000|  0%| F|  |TAMS 0x0000000740800000, 0x0000000740800000| Untracked 
| 517|0x0000000740a00000, 0x0000000740a00000, 0x0000000740c00000|  0%| F|  |TAMS 0x0000000740a00000, 0x0000000740a00000| Untracked 
| 518|0x0000000740c00000, 0x0000000740c00000, 0x0000000740e00000|  0%| F|  |TAMS 0x0000000740c00000, 0x0000000740c00000| Untracked 
| 519|0x0000000740e00000, 0x0000000740e00000, 0x0000000741000000|  0%| F|  |TAMS 0x0000000740e00000, 0x0000000740e00000| Untracked 
| 520|0x0000000741000000, 0x0000000741000000, 0x0000000741200000|  0%| F|  |TAMS 0x0000000741000000, 0x0000000741000000| Untracked 
| 521|0x0000000741200000, 0x0000000741200000, 0x0000000741400000|  0%| F|  |TAMS 0x0000000741200000, 0x0000000741200000| Untracked 
| 522|0x0000000741400000, 0x0000000741400000, 0x0000000741600000|  0%| F|  |TAMS 0x0000000741400000, 0x0000000741400000| Untracked 
| 523|0x0000000741600000, 0x0000000741600000, 0x0000000741800000|  0%| F|  |TAMS 0x0000000741600000, 0x0000000741600000| Untracked 
| 524|0x0000000741800000, 0x0000000741800000, 0x0000000741a00000|  0%| F|  |TAMS 0x0000000741800000, 0x0000000741800000| Untracked 
| 525|0x0000000741a00000, 0x0000000741a00000, 0x0000000741c00000|  0%| F|  |TAMS 0x0000000741a00000, 0x0000000741a00000| Untracked 
| 526|0x0000000741c00000, 0x0000000741c00000, 0x0000000741e00000|  0%| F|  |TAMS 0x0000000741c00000, 0x0000000741c00000| Untracked 
| 527|0x0000000741e00000, 0x0000000741e00000, 0x0000000742000000|  0%| F|  |TAMS 0x0000000741e00000, 0x0000000741e00000| Untracked 
| 528|0x0000000742000000, 0x0000000742000000, 0x0000000742200000|  0%| F|  |TAMS 0x0000000742000000, 0x0000000742000000| Untracked 
| 529|0x0000000742200000, 0x0000000742200000, 0x0000000742400000|  0%| F|  |TAMS 0x0000000742200000, 0x0000000742200000| Untracked 
| 530|0x0000000742400000, 0x0000000742400000, 0x0000000742600000|  0%| F|  |TAMS 0x0000000742400000, 0x0000000742400000| Untracked 
| 531|0x0000000742600000, 0x0000000742600000, 0x0000000742800000|  0%| F|  |TAMS 0x0000000742600000, 0x0000000742600000| Untracked 
| 532|0x0000000742800000, 0x0000000742800000, 0x0000000742a00000|  0%| F|  |TAMS 0x0000000742800000, 0x0000000742800000| Untracked 
| 533|0x0000000742a00000, 0x0000000742a00000, 0x0000000742c00000|  0%| F|  |TAMS 0x0000000742a00000, 0x0000000742a00000| Untracked 
| 534|0x0000000742c00000, 0x0000000742c00000, 0x0000000742e00000|  0%| F|  |TAMS 0x0000000742c00000, 0x0000000742c00000| Untracked 
| 535|0x0000000742e00000, 0x0000000742e00000, 0x0000000743000000|  0%| F|  |TAMS 0x0000000742e00000, 0x0000000742e00000| Untracked 
| 536|0x0000000743000000, 0x0000000743000000, 0x0000000743200000|  0%| F|  |TAMS 0x0000000743000000, 0x0000000743000000| Untracked 
| 537|0x0000000743200000, 0x0000000743200000, 0x0000000743400000|  0%| F|  |TAMS 0x0000000743200000, 0x0000000743200000| Untracked 
| 538|0x0000000743400000, 0x0000000743400000, 0x0000000743600000|  0%| F|  |TAMS 0x0000000743400000, 0x0000000743400000| Untracked 
| 539|0x0000000743600000, 0x0000000743600000, 0x0000000743800000|  0%| F|  |TAMS 0x0000000743600000, 0x0000000743600000| Untracked 
| 540|0x0000000743800000, 0x0000000743800000, 0x0000000743a00000|  0%| F|  |TAMS 0x0000000743800000, 0x0000000743800000| Untracked 
| 541|0x0000000743a00000, 0x0000000743a00000, 0x0000000743c00000|  0%| F|  |TAMS 0x0000000743a00000, 0x0000000743a00000| Untracked 
| 542|0x0000000743c00000, 0x0000000743c00000, 0x0000000743e00000|  0%| F|  |TAMS 0x0000000743c00000, 0x0000000743c00000| Untracked 
| 543|0x0000000743e00000, 0x0000000743e00000, 0x0000000744000000|  0%| F|  |TAMS 0x0000000743e00000, 0x0000000743e00000| Untracked 
| 544|0x0000000744000000, 0x0000000744000000, 0x0000000744200000|  0%| F|  |TAMS 0x0000000744000000, 0x0000000744000000| Untracked 
| 545|0x0000000744200000, 0x0000000744200000, 0x0000000744400000|  0%| F|  |TAMS 0x0000000744200000, 0x0000000744200000| Untracked 
| 546|0x0000000744400000, 0x0000000744400000, 0x0000000744600000|  0%| F|  |TAMS 0x0000000744400000, 0x0000000744400000| Untracked 
| 547|0x0000000744600000, 0x0000000744600000, 0x0000000744800000|  0%| F|  |TAMS 0x0000000744600000, 0x0000000744600000| Untracked 
| 548|0x0000000744800000, 0x0000000744800000, 0x0000000744a00000|  0%| F|  |TAMS 0x0000000744800000, 0x0000000744800000| Untracked 
| 549|0x0000000744a00000, 0x0000000744a00000, 0x0000000744c00000|  0%| F|  |TAMS 0x0000000744a00000, 0x0000000744a00000| Untracked 
| 550|0x0000000744c00000, 0x0000000744c00000, 0x0000000744e00000|  0%| F|  |TAMS 0x0000000744c00000, 0x0000000744c00000| Untracked 
| 551|0x0000000744e00000, 0x0000000744e00000, 0x0000000745000000|  0%| F|  |TAMS 0x0000000744e00000, 0x0000000744e00000| Untracked 
| 552|0x0000000745000000, 0x0000000745000000, 0x0000000745200000|  0%| F|  |TAMS 0x0000000745000000, 0x0000000745000000| Untracked 
| 553|0x0000000745200000, 0x0000000745200000, 0x0000000745400000|  0%| F|  |TAMS 0x0000000745200000, 0x0000000745200000| Untracked 
| 554|0x0000000745400000, 0x0000000745400000, 0x0000000745600000|  0%| F|  |TAMS 0x0000000745400000, 0x0000000745400000| Untracked 
| 555|0x0000000745600000, 0x0000000745600000, 0x0000000745800000|  0%| F|  |TAMS 0x0000000745600000, 0x0000000745600000| Untracked 
| 556|0x0000000745800000, 0x0000000745800000, 0x0000000745a00000|  0%| F|  |TAMS 0x0000000745800000, 0x0000000745800000| Untracked 
| 557|0x0000000745a00000, 0x0000000745a00000, 0x0000000745c00000|  0%| F|  |TAMS 0x0000000745a00000, 0x0000000745a00000| Untracked 
| 558|0x0000000745c00000, 0x0000000745c00000, 0x0000000745e00000|  0%| F|  |TAMS 0x0000000745c00000, 0x0000000745c00000| Untracked 
| 559|0x0000000745e00000, 0x0000000745e00000, 0x0000000746000000|  0%| F|  |TAMS 0x0000000745e00000, 0x0000000745e00000| Untracked 
| 560|0x0000000746000000, 0x0000000746000000, 0x0000000746200000|  0%| F|  |TAMS 0x0000000746000000, 0x0000000746000000| Untracked 
| 561|0x0000000746200000, 0x0000000746200000, 0x0000000746400000|  0%| F|  |TAMS 0x0000000746200000, 0x0000000746200000| Untracked 
| 562|0x0000000746400000, 0x0000000746400000, 0x0000000746600000|  0%| F|  |TAMS 0x0000000746400000, 0x0000000746400000| Untracked 
| 563|0x0000000746600000, 0x0000000746600000, 0x0000000746800000|  0%| F|  |TAMS 0x0000000746600000, 0x0000000746600000| Untracked 
| 564|0x0000000746800000, 0x0000000746800000, 0x0000000746a00000|  0%| F|  |TAMS 0x0000000746800000, 0x0000000746800000| Untracked 
| 565|0x0000000746a00000, 0x0000000746a00000, 0x0000000746c00000|  0%| F|  |TAMS 0x0000000746a00000, 0x0000000746a00000| Untracked 
| 566|0x0000000746c00000, 0x0000000746c00000, 0x0000000746e00000|  0%| F|  |TAMS 0x0000000746c00000, 0x0000000746c00000| Untracked 
| 567|0x0000000746e00000, 0x0000000746e00000, 0x0000000747000000|  0%| F|  |TAMS 0x0000000746e00000, 0x0000000746e00000| Untracked 
| 568|0x0000000747000000, 0x0000000747000000, 0x0000000747200000|  0%| F|  |TAMS 0x0000000747000000, 0x0000000747000000| Untracked 
| 569|0x0000000747200000, 0x0000000747200000, 0x0000000747400000|  0%| F|  |TAMS 0x0000000747200000, 0x0000000747200000| Untracked 
| 570|0x0000000747400000, 0x0000000747400000, 0x0000000747600000|  0%| F|  |TAMS 0x0000000747400000, 0x0000000747400000| Untracked 
| 571|0x0000000747600000, 0x0000000747600000, 0x0000000747800000|  0%| F|  |TAMS 0x0000000747600000, 0x0000000747600000| Untracked 
| 572|0x0000000747800000, 0x0000000747800000, 0x0000000747a00000|  0%| F|  |TAMS 0x0000000747800000, 0x0000000747800000| Untracked 
| 573|0x0000000747a00000, 0x0000000747a00000, 0x0000000747c00000|  0%| F|  |TAMS 0x0000000747a00000, 0x0000000747a00000| Untracked 
| 574|0x0000000747c00000, 0x0000000747c00000, 0x0000000747e00000|  0%| F|  |TAMS 0x0000000747c00000, 0x0000000747c00000| Untracked 
| 575|0x0000000747e00000, 0x0000000747e00000, 0x0000000748000000|  0%| F|  |TAMS 0x0000000747e00000, 0x0000000747e00000| Untracked 
| 576|0x0000000748000000, 0x0000000748000000, 0x0000000748200000|  0%| F|  |TAMS 0x0000000748000000, 0x0000000748000000| Untracked 
| 577|0x0000000748200000, 0x0000000748200000, 0x0000000748400000|  0%| F|  |TAMS 0x0000000748200000, 0x0000000748200000| Untracked 
| 578|0x0000000748400000, 0x0000000748400000, 0x0000000748600000|  0%| F|  |TAMS 0x0000000748400000, 0x0000000748400000| Untracked 
| 579|0x0000000748600000, 0x0000000748600000, 0x0000000748800000|  0%| F|  |TAMS 0x0000000748600000, 0x0000000748600000| Untracked 
| 580|0x0000000748800000, 0x0000000748800000, 0x0000000748a00000|  0%| F|  |TAMS 0x0000000748800000, 0x0000000748800000| Untracked 
| 581|0x0000000748a00000, 0x0000000748a00000, 0x0000000748c00000|  0%| F|  |TAMS 0x0000000748a00000, 0x0000000748a00000| Untracked 
| 582|0x0000000748c00000, 0x0000000748c00000, 0x0000000748e00000|  0%| F|  |TAMS 0x0000000748c00000, 0x0000000748c00000| Untracked 
| 583|0x0000000748e00000, 0x0000000748e00000, 0x0000000749000000|  0%| F|  |TAMS 0x0000000748e00000, 0x0000000748e00000| Untracked 
| 584|0x0000000749000000, 0x0000000749000000, 0x0000000749200000|  0%| F|  |TAMS 0x0000000749000000, 0x0000000749000000| Untracked 
| 585|0x0000000749200000, 0x0000000749200000, 0x0000000749400000|  0%| F|  |TAMS 0x0000000749200000, 0x0000000749200000| Untracked 
| 586|0x0000000749400000, 0x0000000749400000, 0x0000000749600000|  0%| F|  |TAMS 0x0000000749400000, 0x0000000749400000| Untracked 
| 587|0x0000000749600000, 0x0000000749600000, 0x0000000749800000|  0%| F|  |TAMS 0x0000000749600000, 0x0000000749600000| Untracked 
| 588|0x0000000749800000, 0x0000000749800000, 0x0000000749a00000|  0%| F|  |TAMS 0x0000000749800000, 0x0000000749800000| Untracked 
| 589|0x0000000749a00000, 0x0000000749a00000, 0x0000000749c00000|  0%| F|  |TAMS 0x0000000749a00000, 0x0000000749a00000| Untracked 
| 590|0x0000000749c00000, 0x0000000749c00000, 0x0000000749e00000|  0%| F|  |TAMS 0x0000000749c00000, 0x0000000749c00000| Untracked 
| 591|0x0000000749e00000, 0x0000000749e00000, 0x000000074a000000|  0%| F|  |TAMS 0x0000000749e00000, 0x0000000749e00000| Untracked 
| 592|0x000000074a000000, 0x000000074a000000, 0x000000074a200000|  0%| F|  |TAMS 0x000000074a000000, 0x000000074a000000| Untracked 
| 593|0x000000074a200000, 0x000000074a200000, 0x000000074a400000|  0%| F|  |TAMS 0x000000074a200000, 0x000000074a200000| Untracked 
| 594|0x000000074a400000, 0x000000074a400000, 0x000000074a600000|  0%| F|  |TAMS 0x000000074a400000, 0x000000074a400000| Untracked 
| 595|0x000000074a600000, 0x000000074a600000, 0x000000074a800000|  0%| F|  |TAMS 0x000000074a600000, 0x000000074a600000| Untracked 
| 596|0x000000074a800000, 0x000000074a800000, 0x000000074aa00000|  0%| F|  |TAMS 0x000000074a800000, 0x000000074a800000| Untracked 
| 597|0x000000074aa00000, 0x000000074aa00000, 0x000000074ac00000|  0%| F|  |TAMS 0x000000074aa00000, 0x000000074aa00000| Untracked 
| 598|0x000000074ac00000, 0x000000074ac00000, 0x000000074ae00000|  0%| F|  |TAMS 0x000000074ac00000, 0x000000074ac00000| Untracked 
| 599|0x000000074ae00000, 0x000000074ae00000, 0x000000074b000000|  0%| F|  |TAMS 0x000000074ae00000, 0x000000074ae00000| Untracked 
| 600|0x000000074b000000, 0x000000074b000000, 0x000000074b200000|  0%| F|  |TAMS 0x000000074b000000, 0x000000074b000000| Untracked 
| 601|0x000000074b200000, 0x000000074b200000, 0x000000074b400000|  0%| F|  |TAMS 0x000000074b200000, 0x000000074b200000| Untracked 
| 602|0x000000074b400000, 0x000000074b400000, 0x000000074b600000|  0%| F|  |TAMS 0x000000074b400000, 0x000000074b400000| Untracked 
| 603|0x000000074b600000, 0x000000074b600000, 0x000000074b800000|  0%| F|  |TAMS 0x000000074b600000, 0x000000074b600000| Untracked 
| 604|0x000000074b800000, 0x000000074b800000, 0x000000074ba00000|  0%| F|  |TAMS 0x000000074b800000, 0x000000074b800000| Untracked 
| 605|0x000000074ba00000, 0x000000074ba00000, 0x000000074bc00000|  0%| F|  |TAMS 0x000000074ba00000, 0x000000074ba00000| Untracked 
| 606|0x000000074bc00000, 0x000000074bc00000, 0x000000074be00000|  0%| F|  |TAMS 0x000000074bc00000, 0x000000074bc00000| Untracked 
| 607|0x000000074be00000, 0x000000074be00000, 0x000000074c000000|  0%| F|  |TAMS 0x000000074be00000, 0x000000074be00000| Untracked 
| 608|0x000000074c000000, 0x000000074c000000, 0x000000074c200000|  0%| F|  |TAMS 0x000000074c000000, 0x000000074c000000| Untracked 
| 609|0x000000074c200000, 0x000000074c200000, 0x000000074c400000|  0%| F|  |TAMS 0x000000074c200000, 0x000000074c200000| Untracked 
| 610|0x000000074c400000, 0x000000074c400000, 0x000000074c600000|  0%| F|  |TAMS 0x000000074c400000, 0x000000074c400000| Untracked 
| 611|0x000000074c600000, 0x000000074c600000, 0x000000074c800000|  0%| F|  |TAMS 0x000000074c600000, 0x000000074c600000| Untracked 
| 612|0x000000074c800000, 0x000000074c800000, 0x000000074ca00000|  0%| F|  |TAMS 0x000000074c800000, 0x000000074c800000| Untracked 
| 613|0x000000074ca00000, 0x000000074ca00000, 0x000000074cc00000|  0%| F|  |TAMS 0x000000074ca00000, 0x000000074ca00000| Untracked 
| 614|0x000000074cc00000, 0x000000074cc00000, 0x000000074ce00000|  0%| F|  |TAMS 0x000000074cc00000, 0x000000074cc00000| Untracked 
| 615|0x000000074ce00000, 0x000000074ce00000, 0x000000074d000000|  0%| F|  |TAMS 0x000000074ce00000, 0x000000074ce00000| Untracked 
| 616|0x000000074d000000, 0x000000074d000000, 0x000000074d200000|  0%| F|  |TAMS 0x000000074d000000, 0x000000074d000000| Untracked 
| 617|0x000000074d200000, 0x000000074d200000, 0x000000074d400000|  0%| F|  |TAMS 0x000000074d200000, 0x000000074d200000| Untracked 
| 618|0x000000074d400000, 0x000000074d400000, 0x000000074d600000|  0%| F|  |TAMS 0x000000074d400000, 0x000000074d400000| Untracked 
| 619|0x000000074d600000, 0x000000074d600000, 0x000000074d800000|  0%| F|  |TAMS 0x000000074d600000, 0x000000074d600000| Untracked 
| 620|0x000000074d800000, 0x000000074d800000, 0x000000074da00000|  0%| F|  |TAMS 0x000000074d800000, 0x000000074d800000| Untracked 
| 621|0x000000074da00000, 0x000000074da00000, 0x000000074dc00000|  0%| F|  |TAMS 0x000000074da00000, 0x000000074da00000| Untracked 
| 622|0x000000074dc00000, 0x000000074dc00000, 0x000000074de00000|  0%| F|  |TAMS 0x000000074dc00000, 0x000000074dc00000| Untracked 
| 623|0x000000074de00000, 0x000000074de00000, 0x000000074e000000|  0%| F|  |TAMS 0x000000074de00000, 0x000000074de00000| Untracked 
| 624|0x000000074e000000, 0x000000074e000000, 0x000000074e200000|  0%| F|  |TAMS 0x000000074e000000, 0x000000074e000000| Untracked 
| 625|0x000000074e200000, 0x000000074e200000, 0x000000074e400000|  0%| F|  |TAMS 0x000000074e200000, 0x000000074e200000| Untracked 
| 626|0x000000074e400000, 0x000000074e500000, 0x000000074e600000| 50%| E|  |TAMS 0x000000074e400000, 0x000000074e400000| Complete 
| 627|0x000000074e600000, 0x000000074e800000, 0x000000074e800000|100%| E|CS|TAMS 0x000000074e600000, 0x000000074e600000| Complete 
| 628|0x000000074e800000, 0x000000074ea00000, 0x000000074ea00000|100%| E|CS|TAMS 0x000000074e800000, 0x000000074e800000| Complete 
| 629|0x000000074ea00000, 0x000000074ec00000, 0x000000074ec00000|100%| E|CS|TAMS 0x000000074ea00000, 0x000000074ea00000| Complete 
| 630|0x000000074ec00000, 0x000000074ee00000, 0x000000074ee00000|100%| E|CS|TAMS 0x000000074ec00000, 0x000000074ec00000| Complete 
| 631|0x000000074ee00000, 0x000000074f000000, 0x000000074f000000|100%| E|CS|TAMS 0x000000074ee00000, 0x000000074ee00000| Complete 
| 632|0x000000074f000000, 0x000000074f200000, 0x000000074f200000|100%| E|CS|TAMS 0x000000074f000000, 0x000000074f000000| Complete 
| 633|0x000000074f200000, 0x000000074f400000, 0x000000074f400000|100%| E|CS|TAMS 0x000000074f200000, 0x000000074f200000| Complete 
| 634|0x000000074f400000, 0x000000074f600000, 0x000000074f600000|100%| E|CS|TAMS 0x000000074f400000, 0x000000074f400000| Complete 
| 635|0x000000074f600000, 0x000000074f800000, 0x000000074f800000|100%| E|CS|TAMS 0x000000074f600000, 0x000000074f600000| Complete 
| 636|0x000000074f800000, 0x000000074fa00000, 0x000000074fa00000|100%| E|CS|TAMS 0x000000074f800000, 0x000000074f800000| Complete 
| 637|0x000000074fa00000, 0x000000074fc00000, 0x000000074fc00000|100%| E|CS|TAMS 0x000000074fa00000, 0x000000074fa00000| Complete 
| 638|0x000000074fc00000, 0x000000074fe00000, 0x000000074fe00000|100%| E|CS|TAMS 0x000000074fc00000, 0x000000074fc00000| Complete 
| 639|0x000000074fe00000, 0x0000000750000000, 0x0000000750000000|100%| E|CS|TAMS 0x000000074fe00000, 0x000000074fe00000| Complete 
| 640|0x0000000750000000, 0x0000000750200000, 0x0000000750200000|100%| E|CS|TAMS 0x0000000750000000, 0x0000000750000000| Complete 
| 641|0x0000000750200000, 0x0000000750400000, 0x0000000750400000|100%| E|CS|TAMS 0x0000000750200000, 0x0000000750200000| Complete 
| 642|0x0000000750400000, 0x0000000750600000, 0x0000000750600000|100%| E|CS|TAMS 0x0000000750400000, 0x0000000750400000| Complete 
| 643|0x0000000750600000, 0x0000000750800000, 0x0000000750800000|100%| E|CS|TAMS 0x0000000750600000, 0x0000000750600000| Complete 
| 644|0x0000000750800000, 0x0000000750a00000, 0x0000000750a00000|100%| E|CS|TAMS 0x0000000750800000, 0x0000000750800000| Complete 
| 645|0x0000000750a00000, 0x0000000750c00000, 0x0000000750c00000|100%| E|CS|TAMS 0x0000000750a00000, 0x0000000750a00000| Complete 
| 646|0x0000000750c00000, 0x0000000750e00000, 0x0000000750e00000|100%| E|CS|TAMS 0x0000000750c00000, 0x0000000750c00000| Complete 
| 647|0x0000000750e00000, 0x0000000751000000, 0x0000000751000000|100%| E|CS|TAMS 0x0000000750e00000, 0x0000000750e00000| Complete 
| 648|0x0000000751000000, 0x0000000751200000, 0x0000000751200000|100%| E|CS|TAMS 0x0000000751000000, 0x0000000751000000| Complete 
| 649|0x0000000751200000, 0x0000000751400000, 0x0000000751400000|100%| E|CS|TAMS 0x0000000751200000, 0x0000000751200000| Complete 
| 650|0x0000000751400000, 0x0000000751600000, 0x0000000751600000|100%| E|CS|TAMS 0x0000000751400000, 0x0000000751400000| Complete 
| 651|0x0000000751600000, 0x0000000751800000, 0x0000000751800000|100%| E|CS|TAMS 0x0000000751600000, 0x0000000751600000| Complete 
| 652|0x0000000751800000, 0x0000000751a00000, 0x0000000751a00000|100%| E|CS|TAMS 0x0000000751800000, 0x0000000751800000| Complete 
| 653|0x0000000751a00000, 0x0000000751c00000, 0x0000000751c00000|100%| E|CS|TAMS 0x0000000751a00000, 0x0000000751a00000| Complete 
| 654|0x0000000751c00000, 0x0000000751e00000, 0x0000000751e00000|100%| E|CS|TAMS 0x0000000751c00000, 0x0000000751c00000| Complete 
| 655|0x0000000751e00000, 0x0000000752000000, 0x0000000752000000|100%| E|CS|TAMS 0x0000000751e00000, 0x0000000751e00000| Complete 
| 656|0x0000000752000000, 0x0000000752200000, 0x0000000752200000|100%| E|CS|TAMS 0x0000000752000000, 0x0000000752000000| Complete 
| 657|0x0000000752200000, 0x0000000752400000, 0x0000000752400000|100%| E|CS|TAMS 0x0000000752200000, 0x0000000752200000| Complete 
| 658|0x0000000752400000, 0x0000000752600000, 0x0000000752600000|100%| E|CS|TAMS 0x0000000752400000, 0x0000000752400000| Complete 
| 659|0x0000000752600000, 0x0000000752800000, 0x0000000752800000|100%| E|CS|TAMS 0x0000000752600000, 0x0000000752600000| Complete 
| 660|0x0000000752800000, 0x0000000752a00000, 0x0000000752a00000|100%| E|CS|TAMS 0x0000000752800000, 0x0000000752800000| Complete 
| 661|0x0000000752a00000, 0x0000000752c00000, 0x0000000752c00000|100%| E|CS|TAMS 0x0000000752a00000, 0x0000000752a00000| Complete 
| 662|0x0000000752c00000, 0x0000000752e00000, 0x0000000752e00000|100%| E|CS|TAMS 0x0000000752c00000, 0x0000000752c00000| Complete 
| 663|0x0000000752e00000, 0x0000000753000000, 0x0000000753000000|100%| E|CS|TAMS 0x0000000752e00000, 0x0000000752e00000| Complete 
| 664|0x0000000753000000, 0x0000000753200000, 0x0000000753200000|100%| E|CS|TAMS 0x0000000753000000, 0x0000000753000000| Complete 
| 665|0x0000000753200000, 0x0000000753400000, 0x0000000753400000|100%| E|CS|TAMS 0x0000000753200000, 0x0000000753200000| Complete 
| 666|0x0000000753400000, 0x0000000753600000, 0x0000000753600000|100%| E|CS|TAMS 0x0000000753400000, 0x0000000753400000| Complete 
| 667|0x0000000753600000, 0x0000000753800000, 0x0000000753800000|100%| E|CS|TAMS 0x0000000753600000, 0x0000000753600000| Complete 
| 668|0x0000000753800000, 0x0000000753a00000, 0x0000000753a00000|100%| E|CS|TAMS 0x0000000753800000, 0x0000000753800000| Complete 
| 669|0x0000000753a00000, 0x0000000753c00000, 0x0000000753c00000|100%| E|CS|TAMS 0x0000000753a00000, 0x0000000753a00000| Complete 
| 670|0x0000000753c00000, 0x0000000753e00000, 0x0000000753e00000|100%| E|CS|TAMS 0x0000000753c00000, 0x0000000753c00000| Complete 
| 671|0x0000000753e00000, 0x0000000754000000, 0x0000000754000000|100%| E|CS|TAMS 0x0000000753e00000, 0x0000000753e00000| Complete 
| 672|0x0000000754000000, 0x0000000754200000, 0x0000000754200000|100%| E|CS|TAMS 0x0000000754000000, 0x0000000754000000| Complete 
| 673|0x0000000754200000, 0x0000000754400000, 0x0000000754400000|100%| E|CS|TAMS 0x0000000754200000, 0x0000000754200000| Complete 
| 674|0x0000000754400000, 0x0000000754600000, 0x0000000754600000|100%| E|CS|TAMS 0x0000000754400000, 0x0000000754400000| Complete 
| 675|0x0000000754600000, 0x0000000754800000, 0x0000000754800000|100%| E|CS|TAMS 0x0000000754600000, 0x0000000754600000| Complete 
| 676|0x0000000754800000, 0x0000000754a00000, 0x0000000754a00000|100%| E|CS|TAMS 0x0000000754800000, 0x0000000754800000| Complete 
| 677|0x0000000754a00000, 0x0000000754c00000, 0x0000000754c00000|100%| E|CS|TAMS 0x0000000754a00000, 0x0000000754a00000| Complete 
| 678|0x0000000754c00000, 0x0000000754e00000, 0x0000000754e00000|100%| E|CS|TAMS 0x0000000754c00000, 0x0000000754c00000| Complete 
| 679|0x0000000754e00000, 0x0000000755000000, 0x0000000755000000|100%| E|CS|TAMS 0x0000000754e00000, 0x0000000754e00000| Complete 
| 680|0x0000000755000000, 0x0000000755200000, 0x0000000755200000|100%| E|CS|TAMS 0x0000000755000000, 0x0000000755000000| Complete 
| 681|0x0000000755200000, 0x0000000755400000, 0x0000000755400000|100%| E|CS|TAMS 0x0000000755200000, 0x0000000755200000| Complete 
| 682|0x0000000755400000, 0x0000000755600000, 0x0000000755600000|100%| E|CS|TAMS 0x0000000755400000, 0x0000000755400000| Complete 
| 683|0x0000000755600000, 0x0000000755800000, 0x0000000755800000|100%| E|CS|TAMS 0x0000000755600000, 0x0000000755600000| Complete 
| 684|0x0000000755800000, 0x0000000755a00000, 0x0000000755a00000|100%| E|CS|TAMS 0x0000000755800000, 0x0000000755800000| Complete 
| 685|0x0000000755a00000, 0x0000000755c00000, 0x0000000755c00000|100%| E|CS|TAMS 0x0000000755a00000, 0x0000000755a00000| Complete 
| 686|0x0000000755c00000, 0x0000000755e00000, 0x0000000755e00000|100%| E|CS|TAMS 0x0000000755c00000, 0x0000000755c00000| Complete 
| 687|0x0000000755e00000, 0x0000000756000000, 0x0000000756000000|100%| E|CS|TAMS 0x0000000755e00000, 0x0000000755e00000| Complete 
| 688|0x0000000756000000, 0x0000000756200000, 0x0000000756200000|100%| E|CS|TAMS 0x0000000756000000, 0x0000000756000000| Complete 
| 689|0x0000000756200000, 0x0000000756400000, 0x0000000756400000|100%| E|CS|TAMS 0x0000000756200000, 0x0000000756200000| Complete 
| 690|0x0000000756400000, 0x0000000756600000, 0x0000000756600000|100%| E|CS|TAMS 0x0000000756400000, 0x0000000756400000| Complete 
| 691|0x0000000756600000, 0x0000000756800000, 0x0000000756800000|100%| E|CS|TAMS 0x0000000756600000, 0x0000000756600000| Complete 

Card table byte_map: [0x000001c83dd10000,0x000001c83e510000] _byte_map_base: 0x000001c83a510000

Marking Bits (Prev, Next): (CMBitMap*) 0x000001c82479c180, (CMBitMap*) 0x000001c82479c140
 Prev Bits: [0x000001c842d10000, 0x000001c846d10000)
 Next Bits: [0x000001c83ed10000, 0x000001c842d10000)

Polling page: 0x000001c824420000

Metaspace:

Usage:
  Non-class:    146.81 MB used.
      Class:     21.40 MB used.
       Both:    168.21 MB used.

Virtual space:
  Non-class space:      192.00 MB reserved,     147.62 MB ( 77%) committed,  3 nodes.
      Class space:      832.00 MB reserved,      22.12 MB (  3%) committed,  1 nodes.
             Both:        1.00 GB reserved,     169.75 MB ( 17%) committed. 

Chunk freelists:
   Non-Class:  12.05 MB
       Class:  9.72 MB
        Both:  21.77 MB

MaxMetaspaceSize: 1.00 GB
CompressedClassSpaceSize: 832.00 MB
Initial GC threshold: 21.00 MB
Current GC threshold: 250.75 MB
CDS: on
MetaspaceReclaimPolicy: balanced
 - commit_granule_bytes: 65536.
 - commit_granule_words: 8192.
 - virtual_space_node_default_size: 8388608.
 - enlarge_chunks_in_place: 1.
 - new_chunks_are_fully_committed: 0.
 - uncommit_free_chunks: 1.
 - use_allocation_guard: 0.
 - handle_deallocations: 1.


Internal statistics:

num_allocs_failed_limit: 9.
num_arena_births: 2218.
num_arena_deaths: 14.
num_vsnodes_births: 4.
num_vsnodes_deaths: 0.
num_space_committed: 2714.
num_space_uncommitted: 0.
num_chunks_returned_to_freelist: 39.
num_chunks_taken_from_freelist: 9382.
num_chunk_merges: 11.
num_chunk_splits: 6608.
num_chunks_enlarged: 4825.
num_inconsistent_stats: 0.

CodeHeap 'non-profiled nmethods': size=120000Kb used=11142Kb max_used=11142Kb free=108857Kb
 bounds [0x000001c835360000, 0x000001c835e50000, 0x000001c83c890000]
CodeHeap 'profiled nmethods': size=120000Kb used=46790Kb max_used=46790Kb free=73210Kb
 bounds [0x000001c82d890000, 0x000001c830650000, 0x000001c834dc0000]
CodeHeap 'non-nmethods': size=5760Kb used=1984Kb max_used=2030Kb free=3775Kb
 bounds [0x000001c834dc0000, 0x000001c835030000, 0x000001c835360000]
 total_blobs=23209 nmethods=22097 adapters=1021
 compilation: enabled
              stopped_count=0, restarted_count=0
 full_count=0

Compilation events (20 events):
Event: 36.914 Thread 0x000001c849a66a30 26193       3       org.gradle.api.services.internal.RegisteredBuildServiceProvider::calculateOwnValue (8 bytes)
Event: 36.915 Thread 0x000001c849a66a30 nmethod 26193 0x000001c83062dc90 code [0x000001c83062de80, 0x000001c83062e2f8]
Event: 36.915 Thread 0x000001c849a66a30 26194   !   3       org.gradle.api.services.internal.RegisteredBuildServiceProvider::getInstance (50 bytes)
Event: 36.915 Thread 0x000001c849a66a30 nmethod 26194 0x000001c83062e490 code [0x000001c83062e680, 0x000001c83062ec38]
Event: 36.915 Thread 0x000001c849a66a30 26195       3       org.gradle.api.services.internal.BuildServiceProvider$Listener$$Lambda$989/0x000001c84b72aa88::beforeGet (5 bytes)
Event: 36.915 Thread 0x000001c849a66a30 nmethod 26195 0x000001c83062ee90 code [0x000001c83062f040, 0x000001c83062f198]
Event: 36.915 Thread 0x000001c849a66a30 26196       3       org.gradle.api.services.internal.BuildServiceProvider$Listener::lambda$static$0 (1 bytes)
Event: 36.915 Thread 0x000001c849a66a30 nmethod 26196 0x000001c83062f290 code [0x000001c83062f420, 0x000001c83062f518]
Event: 36.916 Thread 0x000001c849a66a30 26197       3       org.jetbrains.kotlin.gradle.utils.StringUtilsKt::lowerCamelCaseName (208 bytes)
Event: 36.917 Thread 0x000001c849a66a30 nmethod 26197 0x000001c83062f590 code [0x000001c83062f900, 0x000001c830631218]
Event: 36.917 Thread 0x000001c849a66a30 26198       3       org.gradle.api.internal.attributes.UsageCompatibilityHandler::getReplacementUsage (77 bytes)
Event: 36.918 Thread 0x000001c849a66a30 nmethod 26198 0x000001c830631b90 code [0x000001c830631ec0, 0x000001c830632f58]
Event: 36.918 Thread 0x000001c849a66a30 26200   !   3       java.util.Formatter::format (283 bytes)
Event: 36.918 Thread 0x000001c849a66a30 nmethod 26200 0x000001c830633510 code [0x000001c830633840, 0x000001c830634c48]
Event: 36.918 Thread 0x000001c849a66a30 26199       3       org.gradle.api.internal.artifacts.configurations.DefaultLegacyConfiguration_Decorated::setCanBeConsumed (12 bytes)
Event: 36.919 Thread 0x000001c849a66a30 nmethod 26199 0x000001c830635610 code [0x000001c8306357e0, 0x000001c830635ab8]
Event: 36.921 Thread 0x000001c849a66a30 26201       2       java.util.WeakHashMap::put (160 bytes)
Event: 36.922 Thread 0x000001c849a66a30 nmethod 26201 0x000001c830635b90 code [0x000001c830635da0, 0x000001c830636548]
Event: 36.926 Thread 0x000001c849a66a30 26202       3       jdk.internal.org.objectweb.asm.Type::getInternalName (12 bytes)
Event: 36.926 Thread 0x000001c849a66a30 nmethod 26202 0x000001c830636810 code [0x000001c8306369e0, 0x000001c830636bf8]

GC Heap History (20 events):
Event: 22.938 GC heap before
{Heap before GC invocations=60 (full 0):
 garbage-first heap   total 294912K, used 218273K [0x0000000700000000, 0x0000000800000000)
  region size 2048K, 34 young (69632K), 1 survivors (2048K)
 Metaspace       used 142239K, committed 143424K, reserved 983040K
  class space    used 18337K, committed 18880K, reserved 851968K
}
Event: 22.947 GC heap after
{Heap after GC invocations=61 (full 0):
 garbage-first heap   total 294912K, used 165476K [0x0000000700000000, 0x0000000800000000)
  region size 2048K, 5 young (10240K), 5 survivors (10240K)
 Metaspace       used 142239K, committed 143424K, reserved 983040K
  class space    used 18337K, committed 18880K, reserved 851968K
}
Event: 23.877 GC heap before
{Heap before GC invocations=62 (full 0):
 garbage-first heap   total 294912K, used 224868K [0x0000000700000000, 0x0000000800000000)
  region size 2048K, 34 young (69632K), 5 survivors (10240K)
 Metaspace       used 145012K, committed 146240K, reserved 983040K
  class space    used 18620K, committed 19200K, reserved 851968K
}
Event: 23.888 GC heap after
{Heap after GC invocations=63 (full 0):
 garbage-first heap   total 294912K, used 178363K [0x0000000700000000, 0x0000000800000000)
  region size 2048K, 5 young (10240K), 5 survivors (10240K)
 Metaspace       used 145012K, committed 146240K, reserved 983040K
  class space    used 18620K, committed 19200K, reserved 851968K
}
Event: 23.895 GC heap before
{Heap before GC invocations=63 (full 0):
 garbage-first heap   total 294912K, used 182459K [0x0000000700000000, 0x0000000800000000)
  region size 2048K, 7 young (14336K), 5 survivors (10240K)
 Metaspace       used 145012K, committed 146240K, reserved 983040K
  class space    used 18620K, committed 19200K, reserved 851968K
}
Event: 23.904 GC heap after
{Heap after GC invocations=64 (full 0):
 garbage-first heap   total 645120K, used 178389K [0x0000000700000000, 0x0000000800000000)
  region size 2048K, 1 young (2048K), 1 survivors (2048K)
 Metaspace       used 145012K, committed 146240K, reserved 983040K
  class space    used 18620K, committed 19200K, reserved 851968K
}
Event: 25.440 GC heap before
{Heap before GC invocations=64 (full 0):
 garbage-first heap   total 645120K, used 383189K [0x0000000700000000, 0x0000000800000000)
  region size 2048K, 98 young (200704K), 1 survivors (2048K)
 Metaspace       used 146385K, committed 147520K, reserved 983040K
  class space    used 18642K, committed 19200K, reserved 851968K
}
Event: 25.468 GC heap after
{Heap after GC invocations=65 (full 0):
 garbage-first heap   total 645120K, used 227638K [0x0000000700000000, 0x0000000800000000)
  region size 2048K, 13 young (26624K), 13 survivors (26624K)
 Metaspace       used 146385K, committed 147520K, reserved 983040K
  class space    used 18642K, committed 19200K, reserved 851968K
}
Event: 26.049 GC heap before
{Heap before GC invocations=65 (full 0):
 garbage-first heap   total 645120K, used 397622K [0x0000000700000000, 0x0000000800000000)
  region size 2048K, 97 young (198656K), 13 survivors (26624K)
 Metaspace       used 146770K, committed 147968K, reserved 983040K
  class space    used 18645K, committed 19200K, reserved 851968K
}
Event: 26.082 GC heap after
{Heap after GC invocations=66 (full 0):
 garbage-first heap   total 645120K, used 281186K [0x0000000700000000, 0x0000000800000000)
  region size 2048K, 13 young (26624K), 13 survivors (26624K)
 Metaspace       used 146770K, committed 147968K, reserved 983040K
  class space    used 18645K, committed 19200K, reserved 851968K
}
Event: 26.596 GC heap before
{Heap before GC invocations=66 (full 0):
 garbage-first heap   total 645120K, used 430690K [0x0000000700000000, 0x0000000800000000)
  region size 2048K, 86 young (176128K), 13 survivors (26624K)
 Metaspace       used 147313K, committed 148544K, reserved 983040K
  class space    used 18664K, committed 19264K, reserved 851968K
}
Event: 26.626 GC heap after
{Heap after GC invocations=67 (full 0):
 garbage-first heap   total 645120K, used 332423K [0x0000000700000000, 0x0000000800000000)
  region size 2048K, 11 young (22528K), 11 survivors (22528K)
 Metaspace       used 147313K, committed 148544K, reserved 983040K
  class space    used 18664K, committed 19264K, reserved 851968K
}
Event: 28.547 GC heap before
{Heap before GC invocations=67 (full 0):
 garbage-first heap   total 645120K, used 459399K [0x0000000700000000, 0x0000000800000000)
  region size 2048K, 74 young (151552K), 11 survivors (22528K)
 Metaspace       used 152644K, committed 153984K, reserved 1048576K
  class space    used 19522K, committed 20096K, reserved 851968K
}
Event: 28.571 GC heap after
{Heap after GC invocations=68 (full 0):
 garbage-first heap   total 645120K, used 357119K [0x0000000700000000, 0x0000000800000000)
  region size 2048K, 10 young (20480K), 10 survivors (20480K)
 Metaspace       used 152644K, committed 153984K, reserved 1048576K
  class space    used 19522K, committed 20096K, reserved 851968K
}
Event: 31.990 GC heap before
{Heap before GC invocations=69 (full 0):
 garbage-first heap   total 645120K, used 422655K [0x0000000700000000, 0x0000000800000000)
  region size 2048K, 73 young (149504K), 10 survivors (20480K)
 Metaspace       used 154572K, committed 155904K, reserved 1048576K
  class space    used 19698K, committed 20288K, reserved 851968K
}
Event: 32.021 GC heap after
{Heap after GC invocations=70 (full 0):
 garbage-first heap   total 645120K, used 306558K [0x0000000700000000, 0x0000000800000000)
  region size 2048K, 5 young (10240K), 5 survivors (10240K)
 Metaspace       used 154572K, committed 155904K, reserved 1048576K
  class space    used 19698K, committed 20288K, reserved 851968K
}
Event: 32.264 GC heap before
{Heap before GC invocations=70 (full 0):
 garbage-first heap   total 645120K, used 324990K [0x0000000700000000, 0x0000000800000000)
  region size 2048K, 15 young (30720K), 5 survivors (10240K)
 Metaspace       used 154577K, committed 155904K, reserved 1048576K
  class space    used 19698K, committed 20288K, reserved 851968K
}
Event: 32.273 GC heap after
{Heap after GC invocations=71 (full 0):
 garbage-first heap   total 645120K, used 262362K [0x0000000700000000, 0x0000000800000000)
  region size 2048K, 1 young (2048K), 1 survivors (2048K)
 Metaspace       used 154577K, committed 155904K, reserved 1048576K
  class space    used 19698K, committed 20288K, reserved 851968K
}
Event: 35.445 GC heap before
{Heap before GC invocations=71 (full 0):
 garbage-first heap   total 645120K, used 461018K [0x0000000700000000, 0x0000000800000000)
  region size 2048K, 97 young (198656K), 1 survivors (2048K)
 Metaspace       used 165372K, committed 166848K, reserved 1048576K
  class space    used 20981K, committed 21696K, reserved 851968K
}
Event: 35.465 GC heap after
{Heap after GC invocations=72 (full 0):
 garbage-first heap   total 1417216K, used 286131K [0x0000000700000000, 0x0000000800000000)
  region size 2048K, 11 young (22528K), 11 survivors (22528K)
 Metaspace       used 165372K, committed 166848K, reserved 1048576K
  class space    used 20981K, committed 21696K, reserved 851968K
}

Dll operation events (15 events):
Event: 0.012 Loaded shared library C:\Program Files\Java\jdk-17.0.18+8\bin\java.dll
Event: 0.031 Loaded shared library C:\Program Files\Java\jdk-17.0.18+8\bin\jsvml.dll
Event: 0.067 Loaded shared library C:\Program Files\Java\jdk-17.0.18+8\bin\zip.dll
Event: 0.069 Loaded shared library C:\Program Files\Java\jdk-17.0.18+8\bin\instrument.dll
Event: 0.074 Loaded shared library C:\Program Files\Java\jdk-17.0.18+8\bin\net.dll
Event: 0.075 Loaded shared library C:\Program Files\Java\jdk-17.0.18+8\bin\nio.dll
Event: 0.077 Loaded shared library C:\Program Files\Java\jdk-17.0.18+8\bin\zip.dll
Event: 0.194 Loaded shared library C:\Program Files\Java\jdk-17.0.18+8\bin\jimage.dll
Event: 0.366 Loaded shared library C:\Program Files\Java\jdk-17.0.18+8\bin\verify.dll
Event: 0.388 Loaded shared library C:\Users\bhara\.gradle\native\660c5614fbf4a5f2a75b1949f50a0caf5cd603558e7d8a26e50b933a0cfb79d1\windows-amd64\native-platform.dll
Event: 0.397 Loaded shared library C:\Users\bhara\.gradle\native\0.2.8\x86_64-windows-gnu\gradle-fileevents.dll
Event: 0.952 Loaded shared library C:\Program Files\Java\jdk-17.0.18+8\bin\management.dll
Event: 0.954 Loaded shared library C:\Program Files\Java\jdk-17.0.18+8\bin\management_ext.dll
Event: 1.094 Loaded shared library C:\Program Files\Java\jdk-17.0.18+8\bin\extnet.dll
Event: 1.261 Loaded shared library C:\Program Files\Java\jdk-17.0.18+8\bin\sunmscapi.dll

Deoptimization events (20 events):
Event: 36.660 Thread 0x000001c808711810 DEOPT PACKING pc=0x000001c835b2c7e4 sp=0x0000000ecc6fd8d0
Event: 36.660 Thread 0x000001c808711810 DEOPT UNPACKING pc=0x000001c834e1a1a3 sp=0x0000000ecc6fd860 mode 2
Event: 36.710 Thread 0x000001c849a7cb60 Uncommon trap: trap_request=0xfffffff4 fr.pc=0x000001c835e37568 relative=0x00000000000001c8
Event: 36.710 Thread 0x000001c849a7cb60 Uncommon trap: reason=null_check action=make_not_entrant pc=0x000001c835e37568 method=java.lang.PublicMethods$MethodList.getMostSpecific()Ljava/lang/reflect/Method; @ 41 c2
Event: 36.710 Thread 0x000001c849a7cb60 DEOPT PACKING pc=0x000001c835e37568 sp=0x0000000ec81ee690
Event: 36.710 Thread 0x000001c849a7cb60 DEOPT UNPACKING pc=0x000001c834e1a1a3 sp=0x0000000ec81ee590 mode 2
Event: 36.782 Thread 0x000001c849a7cb60 Uncommon trap: trap_request=0xffffffde fr.pc=0x000001c8355d77bc relative=0x000000000000161c
Event: 36.782 Thread 0x000001c849a7cb60 Uncommon trap: reason=class_check action=maybe_recompile pc=0x000001c8355d77bc method=java.util.WeakHashMap.matchesKey(Ljava/util/WeakHashMap$Entry;Ljava/lang/Object;)Z @ 21 c2
Event: 36.782 Thread 0x000001c849a7cb60 DEOPT PACKING pc=0x000001c8355d77bc sp=0x0000000ec81ee050
Event: 36.782 Thread 0x000001c849a7cb60 DEOPT UNPACKING pc=0x000001c834e1a1a3 sp=0x0000000ec81edfd0 mode 2
Event: 36.840 Thread 0x000001c849a7cb60 Uncommon trap: trap_request=0xffffff45 fr.pc=0x000001c835942680 relative=0x0000000000001140
Event: 36.840 Thread 0x000001c849a7cb60 Uncommon trap: reason=unstable_if action=reinterpret pc=0x000001c835942680 method=org.codehaus.groovy.runtime.metaclass.MetaMethodIndex.isOverridden(Lgroovy/lang/MetaMethod;Lgroovy/lang/MetaMethod;)Z @ 52 c2
Event: 36.840 Thread 0x000001c849a7cb60 DEOPT PACKING pc=0x000001c835942680 sp=0x0000000ec81ed2e0
Event: 36.840 Thread 0x000001c849a7cb60 DEOPT UNPACKING pc=0x000001c834e1a1a3 sp=0x0000000ec81ed228 mode 2
Event: 36.850 Thread 0x000001c849a7cb60 DEOPT PACKING pc=0x000001c82e251d8f sp=0x0000000ec81ecdc0
Event: 36.850 Thread 0x000001c849a7cb60 DEOPT UNPACKING pc=0x000001c834e1ace3 sp=0x0000000ec81ec250 mode 0
Event: 36.890 Thread 0x000001c849a7cb60 Uncommon trap: trap_request=0xffffff45 fr.pc=0x000001c8358e5f94 relative=0x0000000000000194
Event: 36.890 Thread 0x000001c849a7cb60 Uncommon trap: reason=unstable_if action=reinterpret pc=0x000001c8358e5f94 method=jdk.internal.org.objectweb.asm.Frame.execute(IILjdk/internal/org/objectweb/asm/Symbol;Ljdk/internal/org/objectweb/asm/SymbolTable;)V @ 1249 c2
Event: 36.890 Thread 0x000001c849a7cb60 DEOPT PACKING pc=0x000001c8358e5f94 sp=0x0000000ec81f11c0
Event: 36.890 Thread 0x000001c849a7cb60 DEOPT UNPACKING pc=0x000001c834e1a1a3 sp=0x0000000ec81f1160 mode 2

Classes loaded (20 events):
Event: 35.100 Loading class java/security/KeyStore
Event: 35.101 Loading class java/security/KeyStore done
Event: 35.101 Loading class java/security/KeyStore$1
Event: 35.102 Loading class java/security/KeyStore$1 done
Event: 36.531 Loading class java/lang/StackTraceElement$HashedModules
Event: 36.531 Loading class java/lang/StackTraceElement$HashedModules done
Event: 36.605 Loading class java/io/CharArrayReader
Event: 36.606 Loading class java/io/CharArrayReader done
Event: 36.728 Loading class java/beans/IntrospectionException
Event: 36.729 Loading class java/beans/IntrospectionException done
Event: 36.885 Loading class java/lang/BooleanBeanInfo
Event: 36.885 Loading class java/lang/BooleanBeanInfo done
Event: 36.885 Loading class java/lang/BooleanBeanInfo
Event: 36.885 Loading class java/lang/BooleanBeanInfo done
Event: 36.885 Loading class java/lang/BooleanCustomizer
Event: 36.885 Loading class java/lang/BooleanCustomizer done
Event: 36.886 Loading class java/lang/BooleanCustomizer
Event: 36.886 Loading class java/lang/BooleanCustomizer done
Event: 36.886 Loading class jdk/internal/ValueBased
Event: 36.886 Loading class jdk/internal/ValueBased done

Classes unloaded (20 events):
Event: 8.555 Thread 0x000001c846f93400 Unloading class 0x000001c84b69b7d0 '_BuildScript_$_run_closure1$_closure2$_closure3$_closure4'
Event: 8.555 Thread 0x000001c846f93400 Unloading class 0x000001c84b69b3e8 '_BuildScript_$_run_closure1$_closure2$_closure3'
Event: 8.555 Thread 0x000001c846f93400 Unloading class 0x000001c84b69b000 '_BuildScript_$_run_closure1$_closure2'
Event: 8.555 Thread 0x000001c846f93400 Unloading class 0x000001c84b69a400 '_BuildScript_$_run_closure1'
Event: 8.555 Thread 0x000001c846f93400 Unloading class 0x000001c84b69a800 '_BuildScript_'
Event: 8.555 Thread 0x000001c846f93400 Unloading class 0x000001c84b696000 '_BuildScript_$_run_closure1$_closure2'
Event: 8.555 Thread 0x000001c846f93400 Unloading class 0x000001c84b6958d8 '_BuildScript_$_run_closure1'
Event: 8.555 Thread 0x000001c846f93400 Unloading class 0x000001c84b6953e8 '_BuildScript_'
Event: 8.555 Thread 0x000001c846f93400 Unloading class 0x000001c84b695000 'ProtobufPatchPlugin$_apply_closure1$_closure2$_closure3$_closure4'
Event: 8.555 Thread 0x000001c846f93400 Unloading class 0x000001c84b694a98 'ProtobufPatchPlugin$_apply_closure1$_closure2$_closure3'
Event: 8.555 Thread 0x000001c846f93400 Unloading class 0x000001c84b6946b0 'ProtobufPatchPlugin$_apply_closure1$_closure2'
Event: 8.555 Thread 0x000001c846f93400 Unloading class 0x000001c84b6942c8 'ProtobufPatchPlugin$_apply_closure1'
Event: 8.555 Thread 0x000001c846f93400 Unloading class 0x000001c84b694000 'ProtobufPatchPlugin'
Event: 8.555 Thread 0x000001c846f93400 Unloading class 0x000001c84b5e83e8 '_BuildScript_$_run_closure1$_closure2'
Event: 8.555 Thread 0x000001c846f93400 Unloading class 0x000001c84b5e8000 '_BuildScript_$_run_closure1'
Event: 8.555 Thread 0x000001c846f93400 Unloading class 0x000001c84b5e4000 '_BuildScript_'
Event: 9.826 Thread 0x000001c846f93400 Unloading class 0x000001c84b6ac000 '_BuildScript_'
Event: 9.826 Thread 0x000001c846f93400 Unloading class 0x000001c84b6a68d8 '_BuildScript_$_run_closure1$_closure2'
Event: 9.826 Thread 0x000001c846f93400 Unloading class 0x000001c84b6a64f0 '_BuildScript_$_run_closure1'
Event: 9.826 Thread 0x000001c846f93400 Unloading class 0x000001c84b6a6000 '_BuildScript_'

Classes redefined (0 events):
No events

Internal exceptions (20 events):
Event: 36.797 Thread 0x000001c849a7cb60 Exception <a 'java/lang/ClassNotFoundException'{0x000000074fc536c0}: com/android/build/gradle/internal/dsl/SigningConfigCustomizer> (0x000000074fc536c0) 
thrown [s\src\hotspot\share\classfile\systemDictionary.cpp, line 256]
Event: 36.798 Thread 0x000001c849a7cb60 Exception <a 'java/lang/ClassNotFoundException'{0x000000074fc75d50}: com/android/build/gradle/internal/dsl/SigningConfig$AgpDecoratedCustomizer> (0x000000074fc75d50) 
thrown [s\src\hotspot\share\classfile\systemDictionary.cpp, line 256]
Event: 36.799 Thread 0x000001c849a7cb60 Exception <a 'java/lang/ClassNotFoundException'{0x000000074fcb0d20}: com/android/build/gradle/internal/dsl/SigningConfig$AgpDecorated_DecoratedCustomizer> (0x000000074fcb0d20) 
thrown [s\src\hotspot\share\classfile\systemDictionary.cpp, line 256]
Event: 36.802 Thread 0x000001c849a7cb60 Exception <a 'java/lang/ClassNotFoundException'{0x000000074fd17130}: build_cbgwmewicxu6cif7srydswlu6$_run_closure2$_closure5BeanInfo> (0x000000074fd17130) 
thrown [s\src\hotspot\share\classfile\systemDictionary.cpp, line 256]
Event: 36.803 Thread 0x000001c849a7cb60 Exception <a 'java/lang/ClassNotFoundException'{0x000000074fd28ec0}: build_cbgwmewicxu6cif7srydswlu6$_run_closure2$_closure5Customizer> (0x000000074fd28ec0) 
thrown [s\src\hotspot\share\classfile\systemDictionary.cpp, line 256]
Event: 36.806 Thread 0x000001c849a7cb60 Exception <a 'java/lang/ClassNotFoundException'{0x000000074fd51938}: build_cbgwmewicxu6cif7srydswlu6$_run_closure2BeanInfo> (0x000000074fd51938) 
thrown [s\src\hotspot\share\classfile\systemDictionary.cpp, line 256]
Event: 36.807 Thread 0x000001c849a7cb60 Exception <a 'java/lang/ClassNotFoundException'{0x000000074fd64010}: build_cbgwmewicxu6cif7srydswlu6$_run_closure2Customizer> (0x000000074fd64010) 
thrown [s\src\hotspot\share\classfile\systemDictionary.cpp, line 256]
Event: 36.842 Thread 0x000001c849a7cb60 Exception <a 'java/lang/ClassNotFoundException'{0x000000074f456940}: com/android/build/gradle/internal/dsl/BuildType$AgpDecorated_DecoratedBeanInfo> (0x000000074f456940) 
thrown [s\src\hotspot\share\classfile\systemDictionary.cpp, line 256]
Event: 36.842 Thread 0x000001c849a7cb60 Exception <a 'java/lang/ClassNotFoundException'{0x000000074f46da10}: com/android/build/gradle/internal/dsl/BuildType$AgpDecoratedBeanInfo> (0x000000074f46da10) 
thrown [s\src\hotspot\share\classfile\systemDictionary.cpp, line 256]
Event: 36.842 Thread 0x000001c849a7cb60 Exception <a 'java/lang/ClassNotFoundException'{0x000000074f484b20}: com/android/build/gradle/internal/dsl/BuildTypeBeanInfo> (0x000000074f484b20) 
thrown [s\src\hotspot\share\classfile\systemDictionary.cpp, line 256]
Event: 36.843 Thread 0x000001c849a7cb60 Exception <a 'java/lang/ClassNotFoundException'{0x000000074f49cd40}: com/android/builder/core/AbstractBuildTypeBeanInfo> (0x000000074f49cd40) 
thrown [s\src\hotspot\share\classfile\systemDictionary.cpp, line 256]
Event: 36.844 Thread 0x000001c849a7cb60 Exception <a 'java/lang/ClassNotFoundException'{0x000000074f4b44c0}: com/android/builder/core/AbstractBuildTypeCustomizer> (0x000000074f4b44c0) 
thrown [s\src\hotspot\share\classfile\systemDictionary.cpp, line 256]
Event: 36.846 Thread 0x000001c849a7cb60 Exception <a 'java/lang/ClassNotFoundException'{0x000000074f4e8590}: com/android/build/gradle/internal/dsl/BuildTypeCustomizer> (0x000000074f4e8590) 
thrown [s\src\hotspot\share\classfile\systemDictionary.cpp, line 256]
Event: 36.848 Thread 0x000001c849a7cb60 Exception <a 'java/lang/ClassNotFoundException'{0x000000074f5a01b0}: com/android/build/gradle/internal/dsl/BuildType$AgpDecoratedCustomizer> (0x000000074f5a01b0) 
thrown [s\src\hotspot\share\classfile\systemDictionary.cpp, line 256]
Event: 36.849 Thread 0x000001c849a7cb60 Exception <a 'java/lang/ClassNotFoundException'{0x000000074f5ffc28}: com/android/build/gradle/internal/dsl/BuildType$AgpDecorated_DecoratedCustomizer> (0x000000074f5ffc28) 
thrown [s\src\hotspot\share\classfile\systemDictionary.cpp, line 256]
Event: 36.861 Thread 0x000001c849a7cb60 Exception <a 'java/lang/ClassNotFoundException'{0x000000074f324aa8}: build_cbgwmewicxu6cif7srydswlu6$_run_closure2$_closure6BeanInfo> (0x000000074f324aa8) 
thrown [s\src\hotspot\share\classfile\systemDictionary.cpp, line 256]
Event: 36.862 Thread 0x000001c849a7cb60 Exception <a 'java/lang/ClassNotFoundException'{0x000000074f336838}: build_cbgwmewicxu6cif7srydswlu6$_run_closure2$_closure6Customizer> (0x000000074f336838) 
thrown [s\src\hotspot\share\classfile\systemDictionary.cpp, line 256]
Event: 36.884 Thread 0x000001c849a7cb60 Exception <a 'java/lang/NoSuchMethodError'{0x000000074f3eb698}: 'int java.lang.invoke.Invokers$Holder.linkToCallSite(java.lang.Object, java.lang.Object)'> (0x000000074f3eb698) 
thrown [s\src\hotspot\share\interpreter\linkResolver.cpp, line 759]
Event: 36.885 Thread 0x000001c849a7cb60 Exception <a 'java/lang/ClassNotFoundException'{0x000000074f00c1d8}: java/lang/BooleanBeanInfo> (0x000000074f00c1d8) 
thrown [s\src\hotspot\share\classfile\systemDictionary.cpp, line 256]
Event: 36.886 Thread 0x000001c849a7cb60 Exception <a 'java/lang/ClassNotFoundException'{0x000000074f018f48}: java/lang/BooleanCustomizer> (0x000000074f018f48) 
thrown [s\src\hotspot\share\classfile\systemDictionary.cpp, line 256]

VM Operations (20 events):
Event: 31.651 Executing VM operation: ICBufferFull
Event: 31.651 Executing VM operation: ICBufferFull done
Event: 31.696 Executing VM operation: ICBufferFull
Event: 31.696 Executing VM operation: ICBufferFull done
Event: 31.989 Executing VM operation: G1CollectForAllocation
Event: 32.021 Executing VM operation: G1CollectForAllocation done
Event: 32.263 Executing VM operation: G1CollectForAllocation
Event: 32.274 Executing VM operation: G1CollectForAllocation done
Event: 33.276 Executing VM operation: Cleanup
Event: 33.276 Executing VM operation: Cleanup done
Event: 34.116 Executing VM operation: HandshakeAllThreads
Event: 34.116 Executing VM operation: HandshakeAllThreads done
Event: 34.631 Executing VM operation: HandshakeAllThreads
Event: 34.631 Executing VM operation: HandshakeAllThreads done
Event: 34.631 Executing VM operation: Cleanup
Event: 34.631 Executing VM operation: Cleanup done
Event: 35.445 Executing VM operation: G1CollectForAllocation
Event: 35.465 Executing VM operation: G1CollectForAllocation done
Event: 36.465 Executing VM operation: Cleanup
Event: 36.465 Executing VM operation: Cleanup done

Memory protections (0 events):
No events

Nmethod flushes (20 events):
Event: 31.671 Thread 0x000001c849a7a7f0 flushing  nmethod 0x000001c82e685990
Event: 31.671 Thread 0x000001c849a7a7f0 flushing  nmethod 0x000001c82e692110
Event: 31.672 Thread 0x000001c849a7a7f0 flushing  nmethod 0x000001c82e76ed90
Event: 31.672 Thread 0x000001c849a7a7f0 flushing  nmethod 0x000001c82e79c890
Event: 31.673 Thread 0x000001c849a7a7f0 flushing  nmethod 0x000001c82e895a10
Event: 31.674 Thread 0x000001c849a7a7f0 flushing  nmethod 0x000001c82e92c610
Event: 31.674 Thread 0x000001c849a7a7f0 flushing  nmethod 0x000001c82e92c990
Event: 31.674 Thread 0x000001c849a7a7f0 flushing  nmethod 0x000001c82e98db90
Event: 31.676 Thread 0x000001c849a7a7f0 flushing  nmethod 0x000001c82eb22e10
Event: 31.680 Thread 0x000001c849a7a7f0 flushing  nmethod 0x000001c82efc2710
Event: 31.680 Thread 0x000001c849a7a7f0 flushing  nmethod 0x000001c82efcd310
Event: 31.681 Thread 0x000001c849a7a7f0 flushing  nmethod 0x000001c82f014010
Event: 31.681 Thread 0x000001c849a7a7f0 flushing  nmethod 0x000001c82f05d490
Event: 31.681 Thread 0x000001c849a7a7f0 flushing  nmethod 0x000001c82f06b690
Event: 31.683 Thread 0x000001c849a7a7f0 flushing  nmethod 0x000001c82f29bd90
Event: 31.683 Thread 0x000001c849a7a7f0 flushing  nmethod 0x000001c82f2c2d90
Event: 31.685 Thread 0x000001c849a7a7f0 flushing  nmethod 0x000001c82f53b890
Event: 31.685 Thread 0x000001c849a7a7f0 flushing  nmethod 0x000001c82f54a010
Event: 31.686 Thread 0x000001c849a7a7f0 flushing  nmethod 0x000001c82f5f7e10
Event: 31.693 Thread 0x000001c849a7a7f0 flushing  nmethod 0x000001c82fdc1010

Events (20 events):
Event: 19.760 Thread 0x000001c849a7cb60 Thread added: 0x000001c8227e4160
Event: 27.601 Thread 0x000001c849a7cb60 Thread added: 0x000001c82347ba80
Event: 27.604 Thread 0x000001c82347ba80 Thread added: 0x000001c8234782d0
Event: 27.605 Thread 0x000001c82347ba80 Thread added: 0x000001c82347b570
Event: 27.605 Thread 0x000001c8234782d0 Thread added: 0x000001c8234787e0
Event: 27.605 Thread 0x000001c8234782d0 Thread added: 0x000001c82347a640
Event: 27.605 Thread 0x000001c8234782d0 Thread added: 0x000001c823479200
Event: 27.605 Thread 0x000001c82347b570 Thread added: 0x000001c823479710
Event: 27.605 Thread 0x000001c82347a640 Thread added: 0x000001c82347a130
Event: 27.605 Thread 0x000001c82347a640 Thread added: 0x000001c823479c20
Event: 27.606 Thread 0x000001c8234787e0 Thread added: 0x000001c82347b060
Event: 27.606 Thread 0x000001c82347b060 Thread added: 0x000001c808e640f0
Event: 27.634 Thread 0x000001c82347b570 Thread added: 0x000001c822f2c300
Event: 27.712 Thread 0x000001c822f2c300 Thread added: 0x000001c822f29f90
Event: 27.712 Thread 0x000001c822f2c300 Thread added: 0x000001c822f2a4a0
Event: 28.024 Thread 0x000001c849a7cb60 Thread added: 0x000001c822f2b3d0
Event: 28.034 Thread 0x000001c822f2b3d0 Thread added: 0x000001c822f2a9b0
Event: 28.058 Thread 0x000001c822f2b3d0 Thread added: 0x000001c822f29060
Event: 35.613 Thread 0x000001c849a7cb60 Thread added: 0x000001c80870ef90
Event: 36.656 Thread 0x000001c849a7cb60 Thread added: 0x000001c808711810


Dynamic libraries:
0x00007ff6a4460000 - 0x00007ff6a446e000 	C:\Program Files\Java\jdk-17.0.18+8\bin\java.exe
0x00007ffa6f1e0000 - 0x00007ffa6f447000 	C:\WINDOWS\SYSTEM32\ntdll.dll
0x00007ffa6d710000 - 0x00007ffa6d7db000 	C:\WINDOWS\System32\KERNEL32.DLL
0x00007ffa6c3e0000 - 0x00007ffa6c7e1000 	C:\WINDOWS\System32\KERNELBASE.dll
0x00007ffa6ca20000 - 0x00007ffa6cb6c000 	C:\WINDOWS\System32\ucrtbase.dll
0x00007ffa5fd60000 - 0x00007ffa5fd78000 	C:\Program Files\Java\jdk-17.0.18+8\bin\jli.dll
0x00007ffa57d00000 - 0x00007ffa57d1e000 	C:\Program Files\Java\jdk-17.0.18+8\bin\VCRUNTIME140.dll
0x00007ffa6e9f0000 - 0x00007ffa6ebc7000 	C:\WINDOWS\System32\USER32.dll
0x00007ffa6c9f0000 - 0x00007ffa6ca17000 	C:\WINDOWS\System32\win32u.dll
0x00007ffa6e8a0000 - 0x00007ffa6e8cb000 	C:\WINDOWS\System32\GDI32.dll
0x00007ffa4dfc0000 - 0x00007ffa4e250000 	C:\WINDOWS\WinSxS\amd64_microsoft.windows.common-controls_6595b64144ccf1df_6.0.26100.9549_none_3e0a0396e3330090\COMCTL32.dll
0x00007ffa6cb80000 - 0x00007ffa6cca8000 	C:\WINDOWS\System32\gdi32full.dll
0x00007ffa6f0f0000 - 0x00007ffa6f199000 	C:\WINDOWS\System32\msvcrt.dll
0x00007ffa6c880000 - 0x00007ffa6c923000 	C:\WINDOWS\System32\msvcp_win.dll
0x00007ffa6d0b0000 - 0x00007ffa6d0e1000 	C:\WINDOWS\System32\IMM32.DLL
0x000000006f0b0000 - 0x000000006f0bd000 	C:\Program Files (x86)\360\Total Security\safemon\SafeWrapper.dll
0x00007ffa6dbe0000 - 0x00007ffa6dc9b000 	C:\WINDOWS\System32\ADVAPI32.dll
0x00007ffa6cf00000 - 0x00007ffa6cfa8000 	C:\WINDOWS\System32\sechost.dll
0x00007ffa6e8d0000 - 0x00007ffa6e9e8000 	C:\WINDOWS\System32\RPCRT4.dll
0x00007ffa69ab0000 - 0x00007ffa69bb5000 	C:\Program Files (x86)\360\Total Security\safemon\libzdtp64.dll
0x00007ffa6df50000 - 0x00007ffa6e6ec000 	C:\WINDOWS\System32\SHELL32.dll
0x00007ffa6d0f0000 - 0x00007ffa6d156000 	C:\WINDOWS\System32\SHLWAPI.dll
0x00007ffa6bfb0000 - 0x00007ffa6bfbb000 	C:\WINDOWS\SYSTEM32\VERSION.dll
0x00007ffa62910000 - 0x00007ffa6291c000 	C:\Program Files\Java\jdk-17.0.18+8\bin\vcruntime140_1.dll
0x00007ff998070000 - 0x00007ff9980fd000 	C:\Program Files\Java\jdk-17.0.18+8\bin\msvcp140.dll
0x00007ff971b80000 - 0x00007ff9727eb000 	C:\Program Files\Java\jdk-17.0.18+8\bin\server\jvm.dll
0x00007ffa6de20000 - 0x00007ffa6dea1000 	C:\WINDOWS\System32\WS2_32.dll
0x00007ffa6ae60000 - 0x00007ffa6aebe000 	C:\WINDOWS\SYSTEM32\POWRPROF.dll
0x00007ffa5d7a0000 - 0x00007ffa5d7d7000 	C:\WINDOWS\SYSTEM32\WINMM.dll
0x00007ffa6ae40000 - 0x00007ffa6ae55000 	C:\WINDOWS\SYSTEM32\UMPDC.dll
0x00007ffa6b120000 - 0x00007ffa6b13b000 	C:\WINDOWS\SYSTEM32\kernel.appcore.dll
0x00007ffa58c90000 - 0x00007ffa58c9a000 	C:\Program Files\Java\jdk-17.0.18+8\bin\jimage.dll
0x00007ffa691c0000 - 0x00007ffa6940c000 	C:\WINDOWS\SYSTEM32\DBGHELP.DLL
0x00007ffa6ed60000 - 0x00007ffa6f0ea000 	C:\WINDOWS\System32\combase.dll
0x00007ffa6d8c0000 - 0x00007ffa6d999000 	C:\WINDOWS\System32\OLEAUT32.dll
0x00007ffa47d50000 - 0x00007ffa47d8b000 	C:\WINDOWS\SYSTEM32\dbgcore.DLL
0x00007ffa6c930000 - 0x00007ffa6c9dc000 	C:\WINDOWS\System32\bcryptPrimitives.dll
0x00007ffa2a0c0000 - 0x00007ffa2a0ce000 	C:\Program Files\Java\jdk-17.0.18+8\bin\instrument.dll
0x00007ffa2a5c0000 - 0x00007ffa2a5e5000 	C:\Program Files\Java\jdk-17.0.18+8\bin\java.dll
0x00007ff98bcd0000 - 0x00007ff98bda7000 	C:\Program Files\Java\jdk-17.0.18+8\bin\jsvml.dll
0x00007ffa69d90000 - 0x00007ffa6a63d000 	C:\WINDOWS\SYSTEM32\windows.storage.dll
0x00007ffa6dd20000 - 0x00007ffa6de19000 	C:\WINDOWS\System32\SHCORE.dll
0x00007ffa6c2f0000 - 0x00007ffa6c319000 	C:\WINDOWS\SYSTEM32\profapi.dll
0x00007ffa2a5a0000 - 0x00007ffa2a5b8000 	C:\Program Files\Java\jdk-17.0.18+8\bin\zip.dll
0x00007ffa4f710000 - 0x00007ffa4f72a000 	C:\Program Files\Java\jdk-17.0.18+8\bin\net.dll
0x00007ffa62770000 - 0x00007ffa6289a000 	C:\WINDOWS\SYSTEM32\WINHTTP.dll
0x00007ffa6b6e0000 - 0x00007ffa6b74c000 	C:\WINDOWS\system32\mswsock.dll
0x00007ffa4f640000 - 0x00007ffa4f656000 	C:\Program Files\Java\jdk-17.0.18+8\bin\nio.dll
0x00007ffa2a4d0000 - 0x00007ffa2a4e0000 	C:\Program Files\Java\jdk-17.0.18+8\bin\verify.dll
0x00007ffa0a230000 - 0x00007ffa0a257000 	C:\Users\bhara\.gradle\native\660c5614fbf4a5f2a75b1949f50a0caf5cd603558e7d8a26e50b933a0cfb79d1\windows-amd64\native-platform.dll
0x00007ff9c8f50000 - 0x00007ff9c8fc7000 	C:\Users\bhara\.gradle\native\0.2.8\x86_64-windows-gnu\gradle-fileevents.dll
0x00007ffa2f2d0000 - 0x00007ffa2f2da000 	C:\Program Files\Java\jdk-17.0.18+8\bin\management.dll
0x00007ffa2af30000 - 0x00007ffa2af3c000 	C:\Program Files\Java\jdk-17.0.18+8\bin\management_ext.dll
0x00007ffa6deb0000 - 0x00007ffa6deb8000 	C:\WINDOWS\System32\PSAPI.DLL
0x00007ffa6aad0000 - 0x00007ffa6ab03000 	C:\WINDOWS\SYSTEM32\IPHLPAPI.DLL
0x00007ffa6d220000 - 0x00007ffa6d22a000 	C:\WINDOWS\System32\NSI.dll
0x00007ffa62f00000 - 0x00007ffa62f1e000 	C:\WINDOWS\SYSTEM32\dhcpcsvc6.DLL
0x00007ffa62e50000 - 0x00007ffa62e75000 	C:\WINDOWS\SYSTEM32\dhcpcsvc.DLL
0x00007ffa6abb0000 - 0x00007ffa6ad08000 	C:\WINDOWS\SYSTEM32\DNSAPI.dll
0x00007ffa6b470000 - 0x00007ffa6b47d000 	C:\WINDOWS\SYSTEM32\DSPARSE.dll
0x00007ffa2a4e0000 - 0x00007ffa2a4e9000 	C:\Program Files\Java\jdk-17.0.18+8\bin\extnet.dll
0x00007ffa6b9f0000 - 0x00007ffa6ba0b000 	C:\WINDOWS\SYSTEM32\CRYPTSP.dll
0x00007ffa6b080000 - 0x00007ffa6b0b9000 	C:\WINDOWS\system32\rsaenh.dll
0x00007ffa6b790000 - 0x00007ffa6b7c4000 	C:\WINDOWS\SYSTEM32\USERENV.dll
0x00007ffa6c2c0000 - 0x00007ffa6c2ea000 	C:\WINDOWS\SYSTEM32\bcrypt.dll
0x00007ffa6b9d0000 - 0x00007ffa6b9dc000 	C:\WINDOWS\SYSTEM32\CRYPTBASE.dll
0x00007ffa27d50000 - 0x00007ffa27d5e000 	C:\Program Files\Java\jdk-17.0.18+8\bin\sunmscapi.dll
0x00007ffa6cd70000 - 0x00007ffa6ceef000 	C:\WINDOWS\System32\CRYPT32.dll
0x00007ffa6bc30000 - 0x00007ffa6bc60000 	C:\WINDOWS\SYSTEM32\ncrypt.dll
0x00007ffa6bbe0000 - 0x00007ffa6bc1f000 	C:\WINDOWS\SYSTEM32\NTASN1.dll
0x00007ffa38ea0000 - 0x00007ffa38ea8000 	C:\WINDOWS\system32\wshunix.dll
0x00007ffa6b250000 - 0x00007ffa6b286000 	C:\WINDOWS\SYSTEM32\ntmarta.dll

dbghelp: loaded successfully - version: 4.0.5 - missing functions: none
symbol engine: initialized successfully - sym options: 0x614 - pdb path: .;C:\Program Files\Java\jdk-17.0.18+8\bin;C:\WINDOWS\SYSTEM32;C:\WINDOWS\WinSxS\amd64_microsoft.windows.common-controls_6595b64144ccf1df_6.0.26100.9549_none_3e0a0396e3330090;C:\Program Files (x86)\360\Total Security\safemon;C:\Program Files\Java\jdk-17.0.18+8\bin\server;C:\Users\bhara\.gradle\native\660c5614fbf4a5f2a75b1949f50a0caf5cd603558e7d8a26e50b933a0cfb79d1\windows-amd64;C:\Users\bhara\.gradle\native\0.2.8\x86_64-windows-gnu

VM Arguments:
jvm_args: --add-opens=java.base/java.lang=ALL-UNNAMED --add-opens=java.base/java.lang.invoke=ALL-UNNAMED --add-opens=java.base/java.util=ALL-UNNAMED --add-opens=java.prefs/java.util.prefs=ALL-UNNAMED --add-exports=jdk.compiler/com.sun.tools.javac.api=ALL-UNNAMED --add-exports=jdk.compiler/com.sun.tools.javac.util=ALL-UNNAMED --add-opens=java.base/java.util=ALL-UNNAMED --add-opens=java.prefs/java.util.prefs=ALL-UNNAMED --add-opens=java.base/java.nio.charset=ALL-UNNAMED --add-opens=java.base/java.net=ALL-UNNAMED --add-opens=java.base/java.util.concurrent=ALL-UNNAMED --add-opens=java.base/java.util.concurrent.atomic=ALL-UNNAMED --add-opens=java.xml/javax.xml.namespace=ALL-UNNAMED --add-opens=java.base/java.time=ALL-UNNAMED -XX:MaxMetaspaceSize=1024m -Xmx4096m -Dfile.encoding=UTF-8 -Duser.country=IN -Duser.language=en -Duser.variant -javaagent:C:\Users\bhara\.gradle\wrapper\dists\gradle-9.4.1-bin\arn2x92ynaizyzdaamcbpbhtj\gradle-9.4.1\lib\agents\gradle-instrumentation-agent-9.4.1.jar 
java_command: org.gradle.launcher.daemon.bootstrap.GradleDaemon 9.4.1
java_class_path (initial): C:\Users\bhara\.gradle\wrapper\dists\gradle-9.4.1-bin\arn2x92ynaizyzdaamcbpbhtj\gradle-9.4.1\lib\gradle-daemon-main-9.4.1.jar
Launcher Type: SUN_STANDARD

[Global flags]
     intx CICompilerCount                          = 4                                         {product} {ergonomic}
   size_t CompressedClassSpaceSize                 = 872415232                                 {product} {ergonomic}
     uint ConcGCThreads                            = 3                                         {product} {ergonomic}
     uint G1ConcRefinementThreads                  = 10                                        {product} {ergonomic}
   size_t G1HeapRegionSize                         = 2097152                                   {product} {ergonomic}
    uintx GCDrainStackTargetSize                   = 64                                        {product} {ergonomic}
   size_t InitialHeapSize                          = 130023424                                 {product} {ergonomic}
   size_t MarkStackSize                            = 4194304                                   {product} {ergonomic}
   size_t MaxHeapSize                              = 4294967296                                {product} {command line}
   size_t MaxMetaspaceSize                         = 1073741824                                {product} {command line}
   size_t MaxNewSize                               = 2575302656                                {product} {ergonomic}
   size_t MinHeapDeltaBytes                        = 2097152                                   {product} {ergonomic}
   size_t MinHeapSize                              = 8388608                                   {product} {ergonomic}
    uintx NonNMethodCodeHeapSize                   = 5839372                                {pd product} {ergonomic}
    uintx NonProfiledCodeHeapSize                  = 122909434                              {pd product} {ergonomic}
    uintx ProfiledCodeHeapSize                     = 122909434                              {pd product} {ergonomic}
    uintx ReservedCodeCacheSize                    = 251658240                              {pd product} {ergonomic}
     bool SegmentedCodeCache                       = true                                      {product} {ergonomic}
   size_t SoftMaxHeapSize                          = 4294967296                             {manageable} {ergonomic}
     bool UseCompressedClassPointers               = true                           {product lp64_product} {ergonomic}
     bool UseCompressedOops                        = true                           {product lp64_product} {ergonomic}
     bool UseG1GC                                  = true                                      {product} {ergonomic}
     bool UseLargePagesIndividualAllocation        = false                                  {pd product} {ergonomic}

Logging:
Log output configuration:
 #0: stdout all=warning uptime,level,tags
 #1: stderr all=off uptime,level,tags

Environment Variables:
JAVA_HOME=C:\Program Files\Java\jdk-17.0.18+8
PATH=C:\Program Files\Java\jdk-17.0.18+8\bin;C:\Program Files\Common Files\Oracle\Java\javapath;C:\Python314\Scripts\;C:\Python314\;C:\Windows\system32;C:\Windows;C:\Windows\System32\Wbem;C:\Windows\System32\WindowsPowerShell\v1.0\;C:\Windows\System32\OpenSSH\;C:\Program Files (x86)\NVIDIA Corporation\PhysX\Common;C:\WINDOWS\system32;C:\WINDOWS;C:\WINDOWS\System32\Wbem;C:\WINDOWS\System32\WindowsPowerShell\v1.0\;C:\WINDOWS\System32\OpenSSH\;C:\Program Files\Git\cmd;C:\ProgramData\chocolatey\bin;C:\Program Files\nodejs\;C:\Program Files\nodejs;C:\Users\bhara\Downloads\gcc-15.2.0-gdb-16.3.90.20250511-binutils-2.45-mingw-w64-v13.0.0-ucrt\bin;C:\Program Files\NVIDIA Corporation\NVIDIA App\NvDLISR;C:\Users\bhara\AppData\Local\Android\Sdk\platform-tools;C:\Users\bhara\AppData\Local\Android\Sdk\platform-tools;C:\Users\bhara\AppData\Local\Android\Sdk\emulator;C:\Users\bhara\AppData\Local\Android\Sdk\tools;C:\Users\bhara\AppData\Local\Android\Sdk\tools\bin;C:\Program Files\dotnet\;C:\Users\bhara\.local\bin;C:\Users\bhara\AppData\Local\Programs\Antigravity\bin;C:\Users\bhara\AppData\Local\Programs\Ollama;C:\Users\bhara\AppData\Local\Programs\Microsoft VS Code\bin;C:\Users\bhara\AppData\Local\Programs\cursor\resources\app\bin;C:\Users\bhara\AppData\Local\Programs\Antigravity IDE\bin;C:\Users\bhara\AppData\Local\Programs\DockerDesktop\resources\bin;C:\Users\bhara\AppData\Roaming\npm;
USERNAME=Sharath
OS=Windows_NT
PROCESSOR_IDENTIFIER=Intel64 Family 6 Model 141 Stepping 1, GenuineIntel
TMP=C:\Users\bhara\AppData\Local\Temp
TEMP=C:\Users\bhara\AppData\Local\Temp



Periodic native trim disabled


---------------  S Y S T E M  ---------------

OS:
 Windows 11 , 64 bit Build 26100 (10.0.26100.9549)
OS uptime: 2 days 6:10 hours
Hyper-V role detected

CPU: total 12 (initial active 12) (6 cores per cpu, 2 threads per core) family 6 model 141 stepping 1 microcode 0x50, cx8, cmov, fxsr, ht, mmx, 3dnowpref, sse, sse2, sse3, ssse3, sse4.1, sse4.2, popcnt, lzcnt, tsc, tscinvbit, avx, avx2, aes, erms, clmul, bmi1, bmi2, adx, avx512f, avx512dq, avx512cd, avx512bw, avx512vl, sha, fma, vzeroupper, avx512_vpopcntdq, avx512_vpclmulqdq, avx512_vaes, avx512_vnni, clflush, clflushopt, clwb, avx512_vbmi2, avx512_vbmi, hv
Processor Information for all 12 processors :
  Max Mhz: 2611, Current Mhz: 2611, Mhz Limit: 2611

Memory: 4k page, system-wide physical 7914M (311M free)
TotalPageFile size 32490M (AvailPageFile size 11M)
current process WorkingSet (physical memory assigned to process): 569M, peak: 827M
current process commit charge ("private bytes"): 1886M, peak: 1888M

vm_info: OpenJDK 64-Bit Server VM (17.0.18+8) for windows-amd64 JRE (17.0.18+8), built on Jan 20 2026 22:28:22 by "admin" with MS VC++ 17.12 (VS2022)

END.
